,date,customer_id,revenue,cost,amount,category,region
0,2024-01-01,CUST0072,3992.89,1890.13,3992.89,Home,Central
1,2024-01-01,CUST0075,822.29,380.23,822.29,Food,Central
2,2024-01-01,CUST0022,3025.52,2067.12,3025.52,Home,South
3,2024-01-01,CUST0002,3623.89,2810.04,3623.89,Books,Central
4,2024-01-01,CUST0089,3106.53,2002.66,3106.53,Electronics,East
5,2024-01-01,CUST0092,3078.67,1403.25,3078.67,Books,East
6,2024-01-01,CUST0003,1943.19,1541.52,1943.19,Home,East
7,2024-01-01,CUST0018,3417.52,1982.85,3417.52,Books,North
8,2024-01-01,CUST0009,4829.88,3493.74,4829.88,Clothing,Central
9,2024-01-01,CUST0060,1192.92,592.18,1192.92,Books,Central
10,2024-01-01,CUST0081,4174.31,1959.2,4174.31,Books,South
11,2024-01-02,CUST0054,3789.04,2159.99,3789.04,Clothing,West
12,2024-01-02,CUST0090,965.03,760.28,965.03,Books,South
13,2024-01-02,CUST0095,2005.99,1545.95,2005.99,Sports,West
14,2024-01-02,CUST0080,273.88,145.19,273.88,Home,South
15,2024-01-02,CUST0089,2721.48,1727.32,2721.48,Books,West
16,2024-01-02,CUST0015,2736.35,1248.79,2736.35,Home,North
17,2024-01-02,CUST0001,127.4,72.54,127.4,Books,East
18,2024-01-02,CUST0035,1034.27,708.0,1034.27,Electronics,East
19,2024-01-02,CUST0041,416.52,226.33,416.52,Books,North
20,2024-01-02,CUST0048,3135.33,1669.12,3135.33,Sports,Central
21,2024-01-02,CUST0091,3661.55,2398.4,3661.55,Food,North
22,2024-01-02,CUST0003,1945.49,1534.38,1945.49,Electronics,Central
23,2024-01-03,CUST0027,1218.13,612.02,1218.13,Electronics,South
24,2024-01-03,CUST0063,175.82,77.92,175.82,Electronics,West
25,2024-01-03,CUST0023,2838.21,1924.9,2838.21,Home,East
26,2024-01-03,CUST0071,1055.15,820.0,1055.15,Food,East
27,2024-01-03,CUST0045,848.05,654.59,848.05,Sports,North
28,2024-01-03,CUST0044,572.2,333.37,572.2,Books,East
29,2024-01-03,CUST0089,1655.51,743.05,1655.51,Sports,North
30,2024-01-03,CUST0077,1397.05,920.77,1397.05,Electronics,East
31,2024-01-03,CUST0009,84.41,51.01,84.41,Sports,Central
32,2024-01-03,CUST0024,3477.56,1765.78,3477.56,Food,North
33,2024-01-03,CUST0058,2048.99,872.78,2048.99,Books,West
34,2024-01-03,CUST0056,1296.32,776.37,1296.32,Electronics,East
35,2024-01-03,CUST0054,3067.34,1843.69,3067.34,Home,North
36,2024-01-03,CUST0053,3190.04,2144.61,3190.04,Books,South
37,2024-01-04,CUST0075,1248.17,834.85,1248.17,Food,North
38,2024-01-04,CUST0098,3654.67,1999.52,3654.67,Sports,East
39,2024-01-04,CUST0073,4091.34,2943.05,4091.34,Books,East
40,2024-01-04,CUST0020,973.27,405.18,973.27,Books,East
41,2024-01-04,CUST0019,1140.19,780.42,1140.19,Books,West
42,2024-01-04,CUST0039,4705.59,2630.56,4705.59,Clothing,North
43,2024-01-04,CUST0050,3394.67,2356.19,3394.67,Sports,South
44,2024-01-04,CUST0090,1326.81,880.99,1326.81,Electronics,West
45,2024-01-04,CUST0048,2671.77,1327.18,2671.77,Sports,West
46,2024-01-04,CUST0009,2813.55,2118.76,2813.55,Electronics,East
47,2024-01-05,CUST0024,3643.48,2764.83,3643.48,Sports,North
48,2024-01-05,CUST0072,3228.06,1399.87,3228.06,Books,West
49,2024-01-05,CUST0089,2924.4,1605.24,2924.4,Food,North
50,2024-01-05,CUST0082,75.05,34.85,75.05,Clothing,East
51,2024-01-05,CUST0033,3277.21,1604.87,3277.21,Books,North
52,2024-01-05,CUST0008,2494.77,1176.36,2494.77,Food,North
53,2024-01-05,CUST0059,1574.9,971.74,1574.9,Food,Central
54,2024-01-06,CUST0098,4465.63,2913.62,4465.63,Home,North
55,2024-01-06,CUST0069,2905.67,1734.71,2905.67,Books,Central
56,2024-01-06,CUST0064,2521.01,1585.21,2521.01,Electronics,North
57,2024-01-06,CUST0046,4973.03,2924.03,4973.03,Home,East
58,2024-01-06,CUST0093,3751.21,2930.55,3751.21,Electronics,Central
59,2024-01-06,CUST0063,2882.85,2283.6,2882.85,Home,Central
60,2024-01-06,CUST0067,995.01,504.86,995.01,Clothing,North
61,2024-01-07,CUST0046,4683.97,3177.66,4683.97,Clothing,South
62,2024-01-07,CUST0090,1308.11,677.75,1308.11,Electronics,North
63,2024-01-07,CUST0039,726.28,496.46,726.28,Home,South
64,2024-01-07,CUST0025,4056.34,2936.97,4056.34,Home,West
65,2024-01-07,CUST0045,2581.14,1550.25,2581.14,Books,North
66,2024-01-07,CUST0014,401.16,224.13,401.16,Books,East
67,2024-01-07,CUST0066,1723.08,948.09,1723.08,Sports,East
68,2024-01-07,CUST0022,2354.71,1452.99,2354.71,Clothing,South
69,2024-01-07,CUST0070,200.98,83.39,200.98,Sports,East
70,2024-01-07,CUST0053,678.95,413.41,678.95,Books,West
71,2024-01-07,CUST0006,4828.0,2814.27,4828.0,Home,West
72,2024-01-07,CUST0040,2086.2,1418.21,2086.2,Books,Central
73,2024-01-07,CUST0019,4849.21,3325.77,4849.21,Electronics,East
74,2024-01-07,CUST0090,2222.91,958.92,2222.91,Home,North
75,2024-01-08,CUST0001,2074.32,973.51,2074.32,Clothing,North
76,2024-01-08,CUST0016,3317.98,1698.72,3317.98,Home,Central
77,2024-01-08,CUST0076,3078.02,1747.82,3078.02,Clothing,East
78,2024-01-08,CUST0078,3801.34,1542.42,3801.34,Books,Central
79,2024-01-08,CUST0062,516.08,270.72,516.08,Books,Central
80,2024-01-08,CUST0048,2397.16,1052.67,2397.16,Home,West
81,2024-01-08,CUST0023,907.35,520.4,907.35,Clothing,South
82,2024-01-08,CUST0052,4748.27,3583.39,4748.27,Clothing,South
83,2024-01-08,CUST0069,4670.51,2804.25,4670.51,Home,West
84,2024-01-08,CUST0002,3098.46,2409.23,3098.46,Electronics,West
85,2024-01-08,CUST0024,2949.59,2289.15,2949.59,Books,South
86,2024-01-08,CUST0061,2888.17,1303.72,2888.17,Food,East
87,2024-01-08,CUST0033,4710.25,2611.56,4710.25,Clothing,East
88,2024-01-08,CUST0095,1019.17,435.94,1019.17,Sports,South
89,2024-01-08,CUST0087,242.87,157.21,242.87,Electronics,South
90,2024-01-08,CUST0090,1628.93,1202.07,1628.93,Sports,South
91,2024-01-09,CUST0075,1445.18,646.38,1445.18,Home,West
92,2024-01-09,CUST0036,2118.83,1667.59,2118.83,Clothing,Central
93,2024-01-09,CUST0049,3765.54,2721.49,3765.54,Food,West
94,2024-01-09,CUST0024,1891.49,1344.03,1891.49,Sports,Central
95,2024-01-09,CUST0023,1231.05,827.19,1231.05,Electronics,East
96,2024-01-09,CUST0062,560.46,426.52,560.46,Books,North
97,2024-01-09,CUST0049,1634.25,1239.1,1634.25,Books,West
98,2024-01-10,CUST0071,4531.64,1978.13,4531.64,Books,West
99,2024-01-10,CUST0069,2888.52,1885.44,2888.52,Food,West
100,2024-01-10,CUST0100,1676.89,1121.85,1676.89,Home,North
101,2024-01-10,CUST0058,611.65,472.42,611.65,Sports,South
102,2024-01-10,CUST0075,2235.58,1688.04,2235.58,Clothing,West
103,2024-01-10,CUST0017,3455.75,2539.23,3455.75,Home,Central
104,2024-01-10,CUST0027,1151.75,643.44,1151.75,Clothing,South
105,2024-01-10,CUST0083,452.68,196.43,452.68,Home,North
106,2024-01-10,CUST0071,4407.78,2180.42,4407.78,Electronics,Central
107,2024-01-10,CUST0031,3779.22,2080.48,3779.22,Food,Central
108,2024-01-10,CUST0074,1921.04,1310.21,1921.04,Clothing,East
109,2024-01-10,CUST0013,600.43,358.49,600.43,Clothing,West
110,2024-01-10,CUST0072,2878.79,2004.76,2878.79,Home,North
111,2024-01-10,CUST0092,3733.85,2510.7,3733.85,Sports,North
112,2024-01-10,CUST0056,1905.61,980.03,1905.61,Electronics,Central
113,2024-01-10,CUST0032,4817.95,1950.6,4817.95,Home,Central
114,2024-01-10,CUST0085,1647.3,687.52,1647.3,Food,West
115,2024-01-11,CUST0057,1302.3,883.17,1302.3,Clothing,North
116,2024-01-11,CUST0001,1123.21,581.59,1123.21,Home,East
117,2024-01-11,CUST0012,4510.73,1886.29,4510.73,Clothing,West
118,2024-01-11,CUST0092,578.44,309.04,578.44,Books,South
119,2024-01-11,CUST0028,1971.93,969.71,1971.93,Books,Central
120,2024-01-11,CUST0063,4873.25,3871.72,4873.25,Electronics,North
121,2024-01-11,CUST0092,1582.16,1147.89,1582.16,Home,Central
122,2024-01-11,CUST0082,4559.09,3323.64,4559.09,Food,Central
123,2024-01-11,CUST0056,3086.41,1750.91,3086.41,Sports,South
124,2024-01-12,CUST0033,273.83,112.42,273.83,Sports,North
125,2024-01-12,CUST0011,2427.83,1927.98,2427.83,Home,South
126,2024-01-12,CUST0027,1935.41,1525.04,1935.41,Electronics,Central
127,2024-01-12,CUST0001,364.38,151.12,364.38,Home,West
128,2024-01-12,CUST0003,4073.86,3258.63,4073.86,Home,Central
129,2024-01-12,CUST0083,3644.3,2561.33,3644.3,Electronics,Central
130,2024-01-12,CUST0051,2280.19,1029.88,2280.19,Home,Central
131,2024-01-12,CUST0032,1075.78,808.22,1075.78,Clothing,West
132,2024-01-12,CUST0034,1379.93,564.22,1379.93,Sports,East
133,2024-01-12,CUST0054,2624.81,1944.65,2624.81,Books,Central
134,2024-01-12,CUST0017,487.62,349.49,487.62,Home,Central
135,2024-01-12,CUST0038,3214.84,2321.17,3214.84,Books,South
136,2024-01-12,CUST0030,1785.41,1135.46,1785.41,Food,East
137,2024-01-12,CUST0038,4525.59,2440.66,4525.59,Electronics,West
138,2024-01-12,CUST0081,1524.9,929.34,1524.9,Home,Central
139,2024-01-13,CUST0017,2323.77,1712.24,2323.77,Books,West
140,2024-01-13,CUST0053,2322.72,1839.63,2322.72,Clothing,Central
141,2024-01-13,CUST0075,1085.2,685.69,1085.2,Food,North
142,2024-01-13,CUST0075,2327.59,1475.47,2327.59,Sports,West
143,2024-01-13,CUST0067,950.31,511.52,950.31,Food,East
144,2024-01-13,CUST0051,3354.41,1572.98,3354.41,Food,Central
145,2024-01-13,CUST0061,886.23,453.25,886.23,Sports,Central
146,2024-01-13,CUST0012,2766.14,1697.77,2766.14,Clothing,South
147,2024-01-14,CUST0073,2541.92,1718.74,2541.92,Clothing,North
148,2024-01-14,CUST0056,2431.67,1641.65,2431.67,Sports,East
149,2024-01-14,CUST0026,4608.32,1955.91,4608.32,Books,North
150,2024-01-14,CUST0052,468.36,299.24,468.36,Sports,South
151,2024-01-14,CUST0002,3811.78,2334.74,3811.78,Home,South
152,2024-01-15,CUST0003,781.31,354.13,781.31,Sports,East
153,2024-01-15,CUST0038,2683.96,1188.64,2683.96,Food,East
154,2024-01-15,CUST0028,1250.23,634.74,1250.23,Clothing,North
155,2024-01-15,CUST0044,4211.51,1834.88,4211.51,Electronics,North
156,2024-01-15,CUST0010,1747.49,1030.3,1747.49,Food,North
157,2024-01-15,CUST0086,2517.29,1094.44,2517.29,Clothing,North
158,2024-01-15,CUST0006,2844.07,1568.53,2844.07,Books,South
159,2024-01-15,CUST0059,3057.4,1521.79,3057.4,Home,Central
160,2024-01-15,CUST0021,4671.77,1882.79,4671.77,Sports,West
161,2024-01-15,CUST0094,4261.55,1854.43,4261.55,Electronics,East
162,2024-01-15,CUST0036,2646.33,1492.95,2646.33,Sports,South
163,2024-01-15,CUST0079,2901.19,2225.09,2901.19,Sports,North
164,2024-01-15,CUST0062,2479.21,1708.57,2479.21,Electronics,South
165,2024-01-15,CUST0051,2805.98,1763.96,2805.98,Home,West
166,2024-01-15,CUST0068,1065.13,838.47,1065.13,Food,West
167,2024-01-15,CUST0047,2562.67,1273.56,2562.67,Electronics,South
168,2024-01-15,CUST0011,3850.51,1674.65,3850.51,Books,Central
169,2024-01-15,CUST0050,2686.32,1130.21,2686.32,Clothing,Central
170,2024-01-16,CUST0040,2767.16,1330.15,2767.16,Clothing,West
171,2024-01-16,CUST0017,1310.47,881.42,1310.47,Electronics,East
172,2024-01-16,CUST0035,2392.17,1536.83,2392.17,Sports,North
173,2024-01-16,CUST0050,4261.1,2975.91,4261.1,Sports,Central
174,2024-01-16,CUST0076,3667.79,2843.77,3667.79,Food,East
175,2024-01-16,CUST0060,4635.92,3192.48,4635.92,Home,East
176,2024-01-16,CUST0030,3986.57,1916.15,3986.57,Food,Central
177,2024-01-16,CUST0078,972.7,480.79,972.7,Clothing,West
178,2024-01-16,CUST0018,1615.17,1026.16,1615.17,Sports,East
179,2024-01-16,CUST0063,3139.3,1933.54,3139.3,Electronics,North
180,2024-01-16,CUST0066,1809.04,1006.9,1809.04,Sports,Central
181,2024-01-17,CUST0070,1183.68,730.49,1183.68,Sports,East
182,2024-01-17,CUST0064,3157.15,1685.8,3157.15,Books,Central
183,2024-01-17,CUST0027,2502.35,1743.1,2502.35,Books,Central
184,2024-01-17,CUST0027,800.79,420.17,800.79,Electronics,West
185,2024-01-17,CUST0074,2870.95,2023.98,2870.95,Electronics,Central
186,2024-01-17,CUST0088,597.63,441.4,597.63,Books,Central
187,2024-01-17,CUST0068,2722.31,1618.53,2722.31,Books,Central
188,2024-01-17,CUST0036,3614.18,2372.56,3614.18,Books,South
189,2024-01-17,CUST0011,1296.41,697.83,1296.41,Sports,South
190,2024-01-17,CUST0023,1745.5,856.93,1745.5,Clothing,East
191,2024-01-17,CUST0062,809.09,513.36,809.09,Clothing,North
192,2024-01-17,CUST0043,1317.28,909.5,1317.28,Books,West
193,2024-01-18,CUST0037,4597.82,3292.19,4597.82,Clothing,North
194,2024-01-18,CUST0051,2902.63,1865.48,2902.63,Home,North
195,2024-01-18,CUST0046,4631.56,2687.86,4631.56,Home,Central
196,2024-01-18,CUST0087,869.33,412.52,869.33,Electronics,North
197,2024-01-18,CUST0040,4355.99,2646.42,4355.99,Home,North
198,2024-01-18,CUST0057,3734.04,1800.67,3734.04,Home,South
199,2024-01-18,CUST0025,1700.82,951.21,1700.82,Clothing,East
200,2024-01-18,CUST0091,4618.65,2707.82,4618.65,Clothing,East
201,2024-01-19,CUST0051,2955.99,1221.23,2955.99,Sports,North
202,2024-01-19,CUST0088,2516.92,1428.53,2516.92,Electronics,North
203,2024-01-19,CUST0026,3913.45,1999.91,3913.45,Books,South
204,2024-01-19,CUST0084,3334.51,1571.27,3334.51,Electronics,North
205,2024-01-19,CUST0063,2808.66,2090.35,2808.66,Home,North
206,2024-01-20,CUST0087,2997.16,1279.28,2997.16,Food,East
207,2024-01-20,CUST0030,4008.92,2163.83,4008.92,Home,North
208,2024-01-20,CUST0040,230.92,135.97,230.92,Food,South
209,2024-01-20,CUST0066,1505.52,1032.22,1505.52,Sports,West
210,2024-01-20,CUST0051,2431.39,1455.93,2431.39,Books,North
211,2024-01-20,CUST0003,1705.1,733.53,1705.1,Clothing,South
212,2024-01-20,CUST0097,4492.28,2743.13,4492.28,Books,South
213,2024-01-20,CUST0057,4341.62,2445.17,4341.62,Food,East
214,2024-01-20,CUST0067,2552.26,1628.39,2552.26,Food,North
215,2024-01-20,CUST0035,2805.77,1931.28,2805.77,Sports,East
216,2024-01-20,CUST0054,4815.11,3745.02,4815.11,Home,South
217,2024-01-21,CUST0085,3184.54,2211.22,3184.54,Food,Central
218,2024-01-21,CUST0082,4388.4,2883.92,4388.4,Clothing,North
219,2024-01-21,CUST0002,4096.35,2198.62,4096.35,Food,West
220,2024-01-21,CUST0094,4161.74,2239.34,4161.74,Electronics,South
221,2024-01-21,CUST0086,4312.29,2103.55,4312.29,Books,North
222,2024-01-21,CUST0087,4348.92,2587.49,4348.92,Electronics,South
223,2024-01-21,CUST0040,161.22,81.82,161.22,Clothing,Central
224,2024-01-21,CUST0022,2042.62,995.18,2042.62,Food,West
225,2024-01-21,CUST0098,704.77,535.78,704.77,Home,East
226,2024-01-21,CUST0042,4121.79,2521.98,4121.79,Books,North
227,2024-01-21,CUST0025,1406.57,874.43,1406.57,Sports,South
228,2024-01-22,CUST0085,1071.79,433.43,1071.79,Food,North
229,2024-01-22,CUST0098,1369.17,948.66,1369.17,Books,Central
230,2024-01-22,CUST0045,3341.93,1571.2,3341.93,Electronics,South
231,2024-01-22,CUST0046,2051.69,1453.34,2051.69,Clothing,West
232,2024-01-22,CUST0053,4795.2,2271.72,4795.2,Books,East
233,2024-01-22,CUST0040,1264.48,702.69,1264.48,Food,West
234,2024-01-22,CUST0099,3609.28,1872.67,3609.28,Sports,South
235,2024-01-22,CUST0022,2013.41,1573.75,2013.41,Home,North
236,2024-01-22,CUST0083,1386.06,853.73,1386.06,Food,West
237,2024-01-22,CUST0098,304.56,182.29,304.56,Electronics,South
238,2024-01-22,CUST0040,2397.47,1289.25,2397.47,Electronics,North
239,2024-01-22,CUST0042,2502.68,1690.21,2502.68,Electronics,East
240,2024-01-22,CUST0044,4104.56,2954.32,4104.56,Food,South
241,2024-01-22,CUST0059,560.31,294.63,560.31,Food,North
242,2024-01-22,CUST0055,727.25,567.33,727.25,Electronics,West
243,2024-01-22,CUST0008,2732.41,2047.06,2732.41,Home,North
244,2024-01-23,CUST0072,3634.31,2380.08,3634.31,Electronics,South
245,2024-01-23,CUST0026,2472.65,1207.85,2472.65,Electronics,Central
246,2024-01-23,CUST0016,3366.09,1405.9,3366.09,Electronics,South
247,2024-01-23,CUST0014,2861.33,2192.34,2861.33,Home,North
248,2024-01-23,CUST0059,1003.37,447.61,1003.37,Home,South
249,2024-01-23,CUST0099,3738.07,1577.29,3738.07,Clothing,East
250,2024-01-23,CUST0031,4153.13,1722.73,4153.13,Food,West
251,2024-01-23,CUST0037,646.81,278.63,646.81,Food,South
252,2024-01-23,CUST0015,3637.6,1550.13,3637.6,Electronics,West
253,2024-01-23,CUST0082,3964.08,2091.06,3964.08,Electronics,Central
254,2024-01-23,CUST0055,3098.52,1528.14,3098.52,Food,South
255,2024-01-24,CUST0013,155.28,116.44,155.28,Clothing,East
256,2024-01-24,CUST0029,396.65,160.16,396.65,Sports,North
257,2024-01-24,CUST0057,2039.56,1207.32,2039.56,Books,North
258,2024-01-24,CUST0084,3852.95,2185.04,3852.95,Home,North
259,2024-01-24,CUST0014,1231.95,547.22,1231.95,Sports,South
260,2024-01-24,CUST0025,1516.73,748.42,1516.73,Electronics,Central
261,2024-01-25,CUST0088,273.25,121.26,273.25,Books,West
262,2024-01-25,CUST0043,4784.26,3440.82,4784.26,Books,East
263,2024-01-25,CUST0071,4523.43,3599.18,4523.43,Books,West
264,2024-01-25,CUST0063,1196.77,930.01,1196.77,Sports,Central
265,2024-01-25,CUST0098,4161.68,1865.0,4161.68,Electronics,South
266,2024-01-25,CUST0006,231.82,181.5,231.82,Home,Central
267,2024-01-25,CUST0009,3167.4,1541.03,3167.4,Food,West
268,2024-01-25,CUST0035,4974.79,2335.95,4974.79,Clothing,South
269,2024-01-25,CUST0032,3495.3,1613.29,3495.3,Food,Central
270,2024-01-25,CUST0073,1157.9,711.86,1157.9,Books,Central
271,2024-01-25,CUST0067,502.86,377.64,502.86,Food,West
272,2024-01-25,CUST0098,2409.55,1006.59,2409.55,Books,South
273,2024-01-25,CUST0005,4057.1,2686.2,4057.1,Food,East
274,2024-01-25,CUST0038,1442.89,722.97,1442.89,Food,Central
275,2024-01-25,CUST0037,291.48,178.69,291.48,Books,Central
276,2024-01-25,CUST0040,4477.68,3566.87,4477.68,Home,Central
277,2024-01-25,CUST0040,4537.24,2851.78,4537.24,Clothing,East
278,2024-01-25,CUST0088,4329.24,3002.6,4329.24,Food,West
279,2024-01-26,CUST0013,828.84,384.71,828.84,Food,Central
280,2024-01-26,CUST0063,3502.48,2353.87,3502.48,Food,West
281,2024-01-26,CUST0058,835.1,628.28,835.1,Electronics,East
282,2024-01-26,CUST0032,4401.4,1769.62,4401.4,Food,Central
283,2024-01-26,CUST0100,3730.37,1732.02,3730.37,Clothing,Central
284,2024-01-27,CUST0013,1330.51,634.99,1330.51,Sports,East
285,2024-01-27,CUST0095,4906.87,3202.84,4906.87,Clothing,West
286,2024-01-27,CUST0070,94.91,69.04,94.91,Food,South
287,2024-01-27,CUST0028,2189.59,1611.65,2189.59,Books,Central
288,2024-01-27,CUST0096,557.42,431.94,557.42,Books,South
289,2024-01-27,CUST0012,4739.12,2211.04,4739.12,Sports,North
290,2024-01-27,CUST0090,2931.74,1578.31,2931.74,Food,South
291,2024-01-27,CUST0029,4364.11,3445.01,4364.11,Books,West
292,2024-01-27,CUST0076,3255.49,2076.22,3255.49,Home,East
293,2024-01-27,CUST0032,4116.49,2258.86,4116.49,Food,East
294,2024-01-27,CUST0046,3432.31,1985.12,3432.31,Clothing,Central
295,2024-01-27,CUST0039,4724.3,2082.84,4724.3,Home,Central
296,2024-01-27,CUST0047,1526.95,1123.81,1526.95,Sports,West
297,2024-01-27,CUST0081,3289.83,1675.52,3289.83,Sports,West
298,2024-01-27,CUST0047,204.95,141.93,204.95,Home,East
299,2024-01-27,CUST0069,4824.38,3396.54,4824.38,Food,East
300,2024-01-27,CUST0015,2076.2,1573.01,2076.2,Clothing,Central
301,2024-01-28,CUST0012,204.11,134.85,204.11,Clothing,West
302,2024-01-28,CUST0046,2392.39,1883.47,2392.39,Electronics,North
303,2024-01-28,CUST0027,501.26,231.32,501.26,Sports,South
304,2024-01-28,CUST0064,3817.07,2482.96,3817.07,Books,Central
305,2024-01-28,CUST0020,4563.59,3591.56,4563.59,Sports,North
306,2024-01-28,CUST0084,56.1,35.86,56.1,Books,North
307,2024-01-28,CUST0063,1042.6,622.05,1042.6,Sports,Central
308,2024-01-29,CUST0064,2971.81,1703.73,2971.81,Home,North
309,2024-01-29,CUST0064,107.52,46.12,107.52,Clothing,East
310,2024-01-29,CUST0041,3490.16,2596.85,3490.16,Food,East
311,2024-01-29,CUST0046,569.4,282.89,569.4,Sports,West
312,2024-01-29,CUST0032,3527.2,2200.48,3527.2,Clothing,West
313,2024-01-29,CUST0077,408.46,250.67,408.46,Sports,North
314,2024-01-29,CUST0066,4131.34,2243.82,4131.34,Sports,South
315,2024-01-29,CUST0098,3462.85,2494.07,3462.85,Clothing,West
316,2024-01-29,CUST0067,567.61,371.54,567.61,Food,North
317,2024-01-30,CUST0041,3102.19,2001.47,3102.19,Clothing,West
318,2024-01-30,CUST0062,4361.3,2990.26,4361.3,Books,East
319,2024-01-30,CUST0080,2447.77,1626.12,2447.77,Books,South
320,2024-01-30,CUST0041,3929.97,2327.96,3929.97,Books,South
321,2024-01-30,CUST0012,2221.11,1532.41,2221.11,Books,Central
322,2024-01-30,CUST0019,2422.43,1565.61,2422.43,Sports,West
323,2024-01-30,CUST0053,3734.18,2795.91,3734.18,Food,West
324,2024-01-30,CUST0022,2799.05,1924.85,2799.05,Home,North
325,2024-01-30,CUST0035,2491.72,1077.94,2491.72,Home,Central
326,2024-01-30,CUST0007,2121.08,1021.15,2121.08,Books,North
327,2024-01-31,CUST0024,4805.86,2721.86,4805.86,Books,Central
328,2024-01-31,CUST0020,1762.38,966.52,1762.38,Books,South
329,2024-01-31,CUST0036,4341.81,2741.72,4341.81,Clothing,Central
330,2024-01-31,CUST0079,2007.8,1289.96,2007.8,Clothing,West
331,2024-01-31,CUST0058,2137.52,1091.7,2137.52,Sports,Central
332,2024-01-31,CUST0040,1092.78,709.42,1092.78,Home,North
333,2024-01-31,CUST0094,701.26,481.3,701.26,Clothing,West
334,2024-01-31,CUST0037,1895.6,1146.93,1895.6,Home,Central
335,2024-01-31,CUST0014,2213.97,971.84,2213.97,Electronics,West
336,2024-01-31,CUST0089,2985.11,1389.3,2985.11,Electronics,West
337,2024-01-31,CUST0065,1327.76,879.9,1327.76,Books,West
338,2024-01-31,CUST0011,4850.61,2820.71,4850.61,Clothing,East
339,2024-01-31,CUST0093,2238.02,1191.42,2238.02,Clothing,West
340,2024-01-31,CUST0020,4152.97,2376.97,4152.97,Food,West
341,2024-01-31,CUST0084,3548.55,1656.52,3548.55,Books,North
342,2024-01-31,CUST0076,3047.41,1653.81,3047.41,Home,North
343,2024-01-31,CUST0028,4228.64,3054.21,4228.64,Sports,West
344,2024-01-31,CUST0078,2722.53,1126.24,2722.53,Clothing,North
345,2024-02-01,CUST0001,1194.1,502.33,1194.1,Food,Central
346,2024-02-01,CUST0051,4672.68,2459.99,4672.68,Sports,West
347,2024-02-01,CUST0088,784.3,623.24,784.3,Food,East
348,2024-02-01,CUST0029,136.03,71.99,136.03,Electronics,East
349,2024-02-01,CUST0084,2469.79,1646.72,2469.79,Sports,Central
350,2024-02-01,CUST0008,760.53,590.12,760.53,Clothing,Central
351,2024-02-01,CUST0096,514.81,344.43,514.81,Sports,Central
352,2024-02-01,CUST0065,4818.57,2419.51,4818.57,Clothing,East
353,2024-02-01,CUST0017,3432.08,2055.37,3432.08,Clothing,North
354,2024-02-01,CUST0046,200.42,154.8,200.42,Books,North
355,2024-02-01,CUST0014,3023.02,2346.92,3023.02,Home,Central
356,2024-02-01,CUST0066,2907.07,1568.16,2907.07,Clothing,North
357,2024-02-01,CUST0013,4338.87,3459.53,4338.87,Electronics,Central
358,2024-02-01,CUST0068,2856.73,1986.51,2856.73,Clothing,Central
359,2024-02-01,CUST0019,3837.69,2956.06,3837.69,Sports,South
360,2024-02-01,CUST0083,3823.31,2749.44,3823.31,Home,East
361,2024-02-01,CUST0071,1909.58,990.59,1909.58,Electronics,Central
362,2024-02-01,CUST0071,1656.7,905.53,1656.7,Home,East
363,2024-02-01,CUST0049,1973.36,1143.52,1973.36,Electronics,East
364,2024-02-02,CUST0072,122.6,77.83,122.6,Sports,South
365,2024-02-02,CUST0085,3808.75,2285.93,3808.75,Clothing,South
366,2024-02-02,CUST0026,2421.95,993.62,2421.95,Electronics,West
367,2024-02-02,CUST0079,787.51,480.89,787.51,Books,West
368,2024-02-02,CUST0070,3059.13,2159.6,3059.13,Sports,South
369,2024-02-02,CUST0021,3591.68,2185.51,3591.68,Food,Central
370,2024-02-02,CUST0075,4495.25,2235.91,4495.25,Food,West
371,2024-02-02,CUST0034,4675.46,2527.78,4675.46,Sports,Central
372,2024-02-02,CUST0027,3105.89,1892.21,3105.89,Home,West
373,2024-02-02,CUST0036,2718.85,1426.1,2718.85,Sports,South
374,2024-02-02,CUST0090,2029.53,1604.73,2029.53,Electronics,East
375,2024-02-02,CUST0039,659.95,490.85,659.95,Home,North
376,2024-02-02,CUST0036,2858.2,1436.6,2858.2,Books,West
377,2024-02-02,CUST0044,480.84,349.24,480.84,Home,South
378,2024-02-02,CUST0022,605.91,242.99,605.91,Sports,Central
379,2024-02-02,CUST0009,4426.82,2174.6,4426.82,Clothing,South
380,2024-02-03,CUST0080,4207.31,3197.6,4207.31,Electronics,South
381,2024-02-03,CUST0024,1315.44,685.11,1315.44,Food,West
382,2024-02-03,CUST0018,2147.5,1432.43,2147.5,Food,West
383,2024-02-03,CUST0069,791.03,450.56,791.03,Electronics,East
384,2024-02-03,CUST0021,4352.84,2564.5,4352.84,Electronics,Central
385,2024-02-03,CUST0032,3227.76,2074.92,3227.76,Food,South
386,2024-02-03,CUST0057,1321.58,862.73,1321.58,Sports,North
387,2024-02-03,CUST0085,4939.54,2245.4,4939.54,Clothing,East
388,2024-02-03,CUST0041,2241.45,1296.27,2241.45,Electronics,East
389,2024-02-03,CUST0019,4956.72,2237.25,4956.72,Books,South
390,2024-02-03,CUST0036,1719.27,1310.45,1719.27,Home,North
391,2024-02-03,CUST0097,2998.97,1680.85,2998.97,Food,North
392,2024-02-03,CUST0060,3104.92,1791.43,3104.92,Clothing,West
393,2024-02-04,CUST0008,396.16,259.91,396.16,Sports,South
394,2024-02-04,CUST0058,3416.65,1682.13,3416.65,Food,South
395,2024-02-04,CUST0081,4970.99,3304.39,4970.99,Food,South
396,2024-02-04,CUST0022,2259.44,1205.25,2259.44,Books,South
397,2024-02-04,CUST0031,4790.25,2252.0,4790.25,Electronics,South
398,2024-02-04,CUST0016,528.55,306.64,528.55,Books,North
399,2024-02-04,CUST0003,1539.22,1219.83,1539.22,Sports,Central
400,2024-02-04,CUST0005,643.15,507.88,643.15,Books,West
401,2024-02-04,CUST0084,1256.1,839.86,1256.1,Sports,South
402,2024-02-05,CUST0016,3788.59,1708.98,3788.59,Books,West
403,2024-02-05,CUST0097,3558.29,1474.78,3558.29,Clothing,Central
404,2024-02-05,CUST0091,1832.68,797.32,1832.68,Electronics,North
405,2024-02-05,CUST0062,2573.14,1878.68,2573.14,Clothing,West
406,2024-02-05,CUST0022,4373.02,2032.17,4373.02,Food,West
407,2024-02-05,CUST0049,4264.55,2061.5,4264.55,Clothing,South
408,2024-02-05,CUST0030,3158.35,2115.22,3158.35,Sports,East
409,2024-02-05,CUST0073,3960.65,2066.95,3960.65,Home,East
410,2024-02-05,CUST0082,908.95,616.25,908.95,Sports,West
411,2024-02-05,CUST0066,2886.56,2231.57,2886.56,Electronics,Central
412,2024-02-05,CUST0014,4316.97,3320.2,4316.97,Electronics,Central
413,2024-02-05,CUST0006,1621.78,1266.8,1621.78,Electronics,Central
414,2024-02-06,CUST0068,652.72,385.95,652.72,Electronics,West
415,2024-02-06,CUST0096,445.83,316.85,445.83,Books,Central
416,2024-02-06,CUST0093,4685.42,3516.14,4685.42,Books,Central
417,2024-02-06,CUST0023,137.55,88.18,137.55,Food,East
418,2024-02-06,CUST0089,2843.98,1355.76,2843.98,Clothing,East
419,2024-02-06,CUST0079,3783.56,2450.98,3783.56,Electronics,East
420,2024-02-06,CUST0028,894.79,384.63,894.79,Sports,East
421,2024-02-06,CUST0097,929.94,629.24,929.94,Books,West
422,2024-02-06,CUST0052,4983.65,3616.08,4983.65,Home,West
423,2024-02-07,CUST0063,2658.86,1516.7,2658.86,Home,West
424,2024-02-07,CUST0099,2053.75,1358.82,2053.75,Food,West
425,2024-02-07,CUST0086,2434.09,1145.86,2434.09,Home,South
426,2024-02-07,CUST0079,712.33,404.2,712.33,Home,South
427,2024-02-07,CUST0005,3420.83,1627.9,3420.83,Electronics,Central
428,2024-02-07,CUST0085,110.0,54.61,110.0,Home,South
429,2024-02-07,CUST0081,369.85,154.25,369.85,Food,North
430,2024-02-07,CUST0052,2762.4,1607.03,2762.4,Home,South
431,2024-02-08,CUST0082,792.74,420.05,792.74,Food,North
432,2024-02-08,CUST0042,3089.7,2298.2,3089.7,Home,South
433,2024-02-08,CUST0017,4465.82,3492.87,4465.82,Electronics,North
434,2024-02-08,CUST0029,3456.27,1987.5,3456.27,Electronics,South
435,2024-02-08,CUST0021,4655.08,2333.23,4655.08,Books,East
436,2024-02-08,CUST0086,2502.49,1387.73,2502.49,Electronics,North
437,2024-02-08,CUST0083,379.93,230.75,379.93,Home,West
438,2024-02-08,CUST0077,2585.5,1737.69,2585.5,Electronics,East
439,2024-02-08,CUST0099,3312.23,2387.63,3312.23,Electronics,Central
440,2024-02-08,CUST0031,2567.47,1425.04,2567.47,Sports,West
441,2024-02-08,CUST0007,1781.03,1264.29,1781.03,Food,West
442,2024-02-08,CUST0005,1806.46,1020.39,1806.46,Sports,South
443,2024-02-08,CUST0092,153.68,66.52,153.68,Electronics,North
444,2024-02-08,CUST0067,4881.15,3255.44,4881.15,Electronics,West
445,2024-02-08,CUST0041,3094.31,2196.51,3094.31,Electronics,South
446,2024-02-08,CUST0010,2417.36,1833.15,2417.36,Home,West
447,2024-02-08,CUST0013,1499.47,1187.56,1499.47,Home,West
448,2024-02-08,CUST0017,825.36,344.58,825.36,Clothing,North
449,2024-02-09,CUST0089,1911.16,1184.99,1911.16,Clothing,West
450,2024-02-09,CUST0032,1241.43,556.91,1241.43,Food,North
451,2024-02-09,CUST0032,3246.76,1670.01,3246.76,Sports,North
452,2024-02-09,CUST0021,1329.24,820.95,1329.24,Home,Central
453,2024-02-09,CUST0007,4893.07,3421.61,4893.07,Books,East
454,2024-02-09,CUST0089,1634.3,1146.09,1634.3,Sports,West
455,2024-02-09,CUST0029,263.71,122.87,263.71,Home,West
456,2024-02-09,CUST0023,4098.04,1989.21,4098.04,Books,Central
457,2024-02-09,CUST0097,2096.41,1474.35,2096.41,Food,East
458,2024-02-09,CUST0025,800.27,350.12,800.27,Home,South
459,2024-02-09,CUST0005,2812.31,2038.08,2812.31,Food,North
460,2024-02-09,CUST0064,1425.62,680.85,1425.62,Clothing,South
461,2024-02-09,CUST0046,1059.98,659.34,1059.98,Food,East
462,2024-02-10,CUST0036,1809.15,1290.86,1809.15,Sports,South
463,2024-02-10,CUST0081,3816.9,1580.67,3816.9,Sports,North
464,2024-02-10,CUST0075,4792.46,2622.32,4792.46,Food,East
465,2024-02-10,CUST0004,4981.85,2726.69,4981.85,Books,South
466,2024-02-10,CUST0037,4436.67,2827.12,4436.67,Sports,Central
467,2024-02-10,CUST0074,59.31,27.95,59.31,Sports,West
468,2024-02-11,CUST0071,3981.28,1740.6,3981.28,Books,Central
469,2024-02-11,CUST0080,3229.51,1375.58,3229.51,Clothing,West
470,2024-02-11,CUST0034,2825.27,1812.11,2825.27,Sports,South
471,2024-02-11,CUST0019,3030.62,1240.05,3030.62,Electronics,East
472,2024-02-11,CUST0030,339.83,181.36,339.83,Clothing,Central
473,2024-02-11,CUST0048,3953.64,2399.5,3953.64,Home,West
474,2024-02-11,CUST0097,655.76,455.23,655.76,Clothing,West
475,2024-02-11,CUST0047,359.58,259.1,359.58,Food,North
476,2024-02-11,CUST0017,4668.91,3067.6,4668.91,Sports,West
477,2024-02-11,CUST0015,2506.02,1181.09,2506.02,Sports,West
478,2024-02-11,CUST0016,1949.97,1226.04,1949.97,Home,North
479,2024-02-11,CUST0003,2849.47,2256.38,2849.47,Home,East
480,2024-02-11,CUST0070,169.75,124.37,169.75,Electronics,East
481,2024-02-11,CUST0042,1528.69,1186.68,1528.69,Food,South
482,2024-02-11,CUST0037,4370.01,3219.71,4370.01,Books,North
483,2024-02-11,CUST0100,2204.14,1708.08,2204.14,Sports,South
484,2024-02-12,CUST0035,296.72,225.97,296.72,Electronics,North
485,2024-02-12,CUST0046,84.79,35.86,84.79,Books,West
486,2024-02-12,CUST0024,720.0,504.4,720.0,Electronics,West
487,2024-02-12,CUST0030,116.34,59.7,116.34,Sports,West
488,2024-02-12,CUST0014,1414.81,721.9,1414.81,Clothing,South
489,2024-02-12,CUST0073,4231.71,2146.56,4231.71,Home,West
490,2024-02-12,CUST0057,216.39,91.98,216.39,Home,West
491,2024-02-12,CUST0070,1610.19,1141.21,1610.19,Clothing,East
492,2024-02-13,CUST0021,683.54,514.61,683.54,Clothing,South
493,2024-02-13,CUST0057,2123.03,1070.14,2123.03,Home,South
494,2024-02-13,CUST0087,4898.78,2243.57,4898.78,Clothing,Central
495,2024-02-13,CUST0089,2848.38,1667.94,2848.38,Home,West
496,2024-02-13,CUST0050,1780.06,793.26,1780.06,Home,West
497,2024-02-13,CUST0086,2119.05,922.92,2119.05,Electronics,North
498,2024-02-13,CUST0028,4903.56,2407.47,4903.56,Clothing,East
499,2024-02-13,CUST0017,384.96,262.98,384.96,Clothing,South
500,2024-02-14,CUST0022,2171.72,991.14,2171.72,Electronics,South
501,2024-02-14,CUST0051,532.93,396.93,532.93,Home,West
502,2024-02-14,CUST0060,358.25,216.74,358.25,Food,South
503,2024-02-14,CUST0049,4891.41,3510.05,4891.41,Home,West
504,2024-02-14,CUST0086,2747.0,1932.15,2747.0,Home,West
505,2024-02-15,CUST0040,1314.69,1023.69,1314.69,Clothing,West
506,2024-02-15,CUST0025,3871.46,1590.66,3871.46,Sports,East
507,2024-02-15,CUST0099,4550.64,2800.83,4550.64,Sports,West
508,2024-02-15,CUST0043,2285.9,1277.71,2285.9,Food,Central
509,2024-02-15,CUST0074,4824.16,2322.86,4824.16,Books,West
510,2024-02-15,CUST0072,3799.54,1939.95,3799.54,Electronics,South
511,2024-02-15,CUST0012,831.88,564.31,831.88,Clothing,East
512,2024-02-15,CUST0040,1847.35,1401.91,1847.35,Sports,North
513,2024-02-15,CUST0008,3010.66,1244.47,3010.66,Home,West
514,2024-02-15,CUST0094,4110.87,2159.29,4110.87,Sports,East
515,2024-02-15,CUST0046,4417.96,3187.3,4417.96,Electronics,Central
516,2024-02-15,CUST0013,4921.35,3283.36,4921.35,Clothing,West
517,2024-02-15,CUST0059,4985.54,3948.11,4985.54,Food,Central
518,2024-02-15,CUST0025,2820.79,1723.39,2820.79,Books,South
519,2024-02-15,CUST0099,1088.28,600.31,1088.28,Home,West
520,2024-02-15,CUST0050,4297.98,3127.32,4297.98,Sports,East
521,2024-02-16,CUST0047,1606.03,945.1,1606.03,Books,West
522,2024-02-16,CUST0086,1604.6,805.07,1604.6,Food,West
523,2024-02-16,CUST0021,1709.28,802.51,1709.28,Books,South
524,2024-02-16,CUST0052,548.16,271.86,548.16,Clothing,North
525,2024-02-16,CUST0075,3711.37,1768.48,3711.37,Electronics,North
526,2024-02-16,CUST0015,4215.17,2480.69,4215.17,Food,East
527,2024-02-16,CUST0034,204.02,141.94,204.02,Clothing,East
528,2024-02-16,CUST0039,3447.32,1474.96,3447.32,Sports,North
529,2024-02-16,CUST0087,3293.65,2624.04,3293.65,Food,West
530,2024-02-16,CUST0015,4338.61,2109.49,4338.61,Home,East
531,2024-02-16,CUST0014,3827.62,2156.18,3827.62,Books,West
532,2024-02-16,CUST0077,1202.18,869.12,1202.18,Clothing,East
533,2024-02-16,CUST0023,4540.62,3034.46,4540.62,Food,East
534,2024-02-16,CUST0014,1979.31,1092.18,1979.31,Books,Central
535,2024-02-16,CUST0030,2755.91,1521.7,2755.91,Sports,East
536,2024-02-16,CUST0088,2141.61,892.65,2141.61,Sports,South
537,2024-02-17,CUST0083,1436.18,1067.57,1436.18,Sports,East
538,2024-02-17,CUST0028,4138.89,2813.31,4138.89,Books,Central
539,2024-02-17,CUST0019,4815.91,3326.2,4815.91,Books,Central
540,2024-02-17,CUST0030,2726.46,1195.86,2726.46,Electronics,North
541,2024-02-17,CUST0075,2370.4,1233.81,2370.4,Home,East
542,2024-02-17,CUST0041,1170.44,810.06,1170.44,Books,East
543,2024-02-17,CUST0086,4519.33,3348.4,4519.33,Electronics,Central
544,2024-02-17,CUST0012,4198.85,2158.7,4198.85,Food,East
545,2024-02-17,CUST0021,4977.42,3694.63,4977.42,Home,West
546,2024-02-17,CUST0073,1140.12,678.77,1140.12,Home,North
547,2024-02-18,CUST0096,4349.33,1852.27,4349.33,Electronics,Central
548,2024-02-18,CUST0054,3487.53,1509.69,3487.53,Books,North
549,2024-02-18,CUST0022,1737.04,809.34,1737.04,Home,East
550,2024-02-18,CUST0051,2253.97,1612.76,2253.97,Books,West
551,2024-02-18,CUST0045,565.91,313.41,565.91,Food,West
552,2024-02-18,CUST0055,4755.13,3044.52,4755.13,Electronics,North
553,2024-02-18,CUST0086,1381.35,777.41,1381.35,Electronics,South
554,2024-02-18,CUST0090,1841.17,1084.45,1841.17,Food,East
555,2024-02-19,CUST0099,2374.73,1377.78,2374.73,Sports,East
556,2024-02-19,CUST0049,2264.97,1335.69,2264.97,Home,Central
557,2024-02-19,CUST0062,77.25,31.14,77.25,Food,West
558,2024-02-19,CUST0085,584.73,313.15,584.73,Home,North
559,2024-02-19,CUST0054,1131.62,632.26,1131.62,Sports,North
560,2024-02-19,CUST0041,2015.22,876.29,2015.22,Electronics,Central
561,2024-02-19,CUST0041,1758.85,1060.53,1758.85,Home,East
562,2024-02-19,CUST0046,272.03,157.84,272.03,Home,North
563,2024-02-19,CUST0072,1979.87,1369.96,1979.87,Home,Central
564,2024-02-19,CUST0033,1327.96,889.52,1327.96,Home,South
565,2024-02-19,CUST0008,4777.55,3480.35,4777.55,Electronics,East
566,2024-02-19,CUST0047,60.41,41.51,60.41,Electronics,West
567,2024-02-19,CUST0094,3448.62,1537.38,3448.62,Electronics,West
568,2024-02-19,CUST0028,1876.81,841.58,1876.81,Books,North
569,2024-02-19,CUST0015,401.49,173.47,401.49,Electronics,South
570,2024-02-19,CUST0066,3359.43,2255.75,3359.43,Food,East
571,2024-02-20,CUST0073,100.15,65.54,100.15,Electronics,West
572,2024-02-20,CUST0002,900.65,590.06,900.65,Home,East
573,2024-02-20,CUST0081,2693.14,1230.37,2693.14,Electronics,West
574,2024-02-20,CUST0045,1510.45,897.81,1510.45,Clothing,Central
575,2024-02-20,CUST0095,658.87,410.77,658.87,Electronics,North
576,2024-02-20,CUST0018,383.55,212.86,383.55,Books,East
577,2024-02-20,CUST0030,434.19,267.9,434.19,Books,West
578,2024-02-20,CUST0028,4001.98,2917.32,4001.98,Books,North
579,2024-02-20,CUST0048,2183.38,1151.83,2183.38,Clothing,East
580,2024-02-20,CUST0033,3025.32,2063.98,3025.32,Clothing,West
581,2024-02-20,CUST0056,2181.12,996.85,2181.12,Electronics,North
582,2024-02-20,CUST0074,4735.89,2538.0,4735.89,Books,South
583,2024-02-20,CUST0095,3202.67,1717.4,3202.67,Food,East
584,2024-02-20,CUST0069,1590.53,1067.0,1590.53,Clothing,West
585,2024-02-20,CUST0031,2922.1,1823.02,2922.1,Books,North
586,2024-02-20,CUST0088,745.74,443.14,745.74,Food,East
587,2024-02-20,CUST0027,4821.89,2669.79,4821.89,Sports,East
588,2024-02-21,CUST0059,842.12,344.72,842.12,Home,Central
589,2024-02-21,CUST0037,1481.76,1126.19,1481.76,Clothing,West
590,2024-02-21,CUST0068,1604.14,1211.7,1604.14,Clothing,West
591,2024-02-21,CUST0059,2749.64,1196.86,2749.64,Sports,West
592,2024-02-21,CUST0022,203.14,160.14,203.14,Books,Central
593,2024-02-21,CUST0034,813.02,505.28,813.02,Home,Central
594,2024-02-21,CUST0042,4176.57,2406.44,4176.57,Clothing,Central
595,2024-02-21,CUST0046,1013.39,428.72,1013.39,Books,Central
596,2024-02-21,CUST0001,4833.77,3011.84,4833.77,Books,Central
597,2024-02-21,CUST0011,2248.02,1462.32,2248.02,Books,East
598,2024-02-21,CUST0082,3922.82,2721.78,3922.82,Sports,North
599,2024-02-21,CUST0085,3972.98,2322.52,3972.98,Books,Central
600,2024-02-21,CUST0019,2403.95,1483.74,2403.95,Food,Central
601,2024-02-21,CUST0047,3015.65,1632.62,3015.65,Books,Central
602,2024-02-21,CUST0005,3742.01,2319.03,3742.01,Electronics,West
603,2024-02-22,CUST0017,4391.6,3414.98,4391.6,Food,East
604,2024-02-22,CUST0052,2588.87,1132.55,2588.87,Sports,South
605,2024-02-22,CUST0062,2482.52,1511.8,2482.52,Food,East
606,2024-02-22,CUST0081,4597.74,2505.34,4597.74,Food,Central
607,2024-02-22,CUST0051,4904.66,2761.49,4904.66,Books,Central
608,2024-02-22,CUST0072,2408.59,1923.14,2408.59,Books,Central
609,2024-02-22,CUST0096,2223.79,1642.91,2223.79,Food,East
610,2024-02-22,CUST0061,2269.18,1370.98,2269.18,Clothing,Central
611,2024-02-22,CUST0010,201.22,150.68,201.22,Clothing,Central
612,2024-02-22,CUST0024,1825.64,1317.7,1825.64,Food,North
613,2024-02-22,CUST0008,3977.3,3166.8,3977.3,Clothing,North
614,2024-02-22,CUST0067,494.57,198.29,494.57,Electronics,West
615,2024-02-22,CUST0037,4179.02,2909.39,4179.02,Home,Central
616,2024-02-23,CUST0036,3309.78,2338.18,3309.78,Food,South
617,2024-02-23,CUST0034,566.8,317.2,566.8,Sports,West
618,2024-02-23,CUST0099,2065.18,880.6,2065.18,Food,West
619,2024-02-23,CUST0045,2906.35,1973.71,2906.35,Home,East
620,2024-02-23,CUST0040,2636.75,1370.65,2636.75,Electronics,South
621,2024-02-23,CUST0060,3982.85,2719.63,3982.85,Clothing,South
622,2024-02-23,CUST0031,3565.04,2376.96,3565.04,Books,South
623,2024-02-23,CUST0078,1440.97,1039.51,1440.97,Sports,East
624,2024-02-23,CUST0039,159.03,100.72,159.03,Electronics,North
625,2024-02-23,CUST0021,3220.36,2549.21,3220.36,Food,Central
626,2024-02-23,CUST0031,2109.8,1484.97,2109.8,Electronics,South
627,2024-02-23,CUST0052,2950.03,1917.26,2950.03,Books,South
628,2024-02-23,CUST0053,1247.56,855.3,1247.56,Sports,West
629,2024-02-23,CUST0082,757.24,537.74,757.24,Books,South
630,2024-02-23,CUST0075,712.45,464.39,712.45,Electronics,West
631,2024-02-23,CUST0093,2042.11,900.77,2042.11,Clothing,South
632,2024-02-24,CUST0050,3549.53,1508.82,3549.53,Electronics,Central
633,2024-02-24,CUST0028,4705.22,2037.77,4705.22,Food,North
634,2024-02-24,CUST0027,1833.16,931.53,1833.16,Clothing,West
635,2024-02-24,CUST0051,2880.46,2197.44,2880.46,Home,East
636,2024-02-24,CUST0076,4554.22,2509.04,4554.22,Food,Central
637,2024-02-24,CUST0029,624.31,260.29,624.31,Electronics,West
638,2024-02-24,CUST0010,3181.92,2168.62,3181.92,Home,Central
639,2024-02-24,CUST0024,4383.78,2074.07,4383.78,Books,East
640,2024-02-24,CUST0094,4756.32,3239.13,4756.32,Electronics,Central
641,2024-02-24,CUST0037,2403.26,1571.1,2403.26,Clothing,North
642,2024-02-25,CUST0041,2517.93,1395.05,2517.93,Food,South
643,2024-02-25,CUST0071,3190.4,2259.8,3190.4,Electronics,Central
644,2024-02-25,CUST0031,2111.7,1539.16,2111.7,Clothing,North
645,2024-02-25,CUST0056,3303.9,1945.71,3303.9,Sports,North
646,2024-02-25,CUST0034,3991.39,2800.4,3991.39,Electronics,West
647,2024-02-25,CUST0044,3706.06,1950.32,3706.06,Home,West
648,2024-02-25,CUST0100,3580.37,1717.46,3580.37,Home,West
649,2024-02-25,CUST0049,262.88,175.28,262.88,Sports,South
650,2024-02-25,CUST0074,2741.84,1206.26,2741.84,Sports,Central
651,2024-02-26,CUST0081,4559.79,3352.84,4559.79,Books,South
652,2024-02-26,CUST0017,205.54,142.74,205.54,Books,West
653,2024-02-26,CUST0100,99.12,58.05,99.12,Clothing,West
654,2024-02-26,CUST0028,2018.36,1422.79,2018.36,Electronics,West
655,2024-02-26,CUST0053,4881.27,2197.65,4881.27,Clothing,East
656,2024-02-26,CUST0037,1943.77,1063.43,1943.77,Sports,Central
657,2024-02-26,CUST0007,1741.93,1211.7,1741.93,Books,North
658,2024-02-26,CUST0043,1890.11,757.07,1890.11,Home,West
659,2024-02-26,CUST0051,2764.49,2078.07,2764.49,Electronics,East
660,2024-02-27,CUST0072,3926.83,2796.5,3926.83,Home,East
661,2024-02-27,CUST0029,1549.43,660.49,1549.43,Clothing,South
662,2024-02-27,CUST0087,2446.18,1709.83,2446.18,Books,South
663,2024-02-27,CUST0005,2931.93,2334.06,2931.93,Books,South
664,2024-02-27,CUST0022,3240.73,2023.89,3240.73,Electronics,North
665,2024-02-27,CUST0057,1165.64,557.56,1165.64,Clothing,North
666,2024-02-27,CUST0011,3917.54,2473.22,3917.54,Home,Central
667,2024-02-27,CUST0095,2659.96,2028.4,2659.96,Books,East
668,2024-02-27,CUST0052,1336.53,719.16,1336.53,Sports,West
669,2024-02-27,CUST0046,2717.12,1152.74,2717.12,Clothing,South
670,2024-02-27,CUST0052,779.15,314.1,779.15,Electronics,East
671,2024-02-27,CUST0038,270.59,153.22,270.59,Food,South
672,2024-02-28,CUST0046,1803.63,1406.16,1803.63,Home,South
673,2024-02-28,CUST0095,2756.96,1301.62,2756.96,Sports,East
674,2024-02-28,CUST0044,870.46,503.32,870.46,Home,East
675,2024-02-28,CUST0075,3388.03,1540.87,3388.03,Home,South
676,2024-02-28,CUST0070,4276.24,2124.39,4276.24,Electronics,West
677,2024-02-28,CUST0064,4759.58,3797.8,4759.58,Food,South
678,2024-02-28,CUST0089,2636.57,1285.72,2636.57,Clothing,East
679,2024-02-28,CUST0082,921.67,447.55,921.67,Clothing,West
680,2024-02-28,CUST0098,4155.49,2879.13,4155.49,Electronics,East
681,2024-02-28,CUST0034,2006.27,1567.21,2006.27,Home,South
682,2024-02-28,CUST0094,2410.66,1656.92,2410.66,Electronics,East
683,2024-02-28,CUST0088,3349.67,1557.87,3349.67,Clothing,Central
684,2024-02-28,CUST0074,2519.53,1020.01,2519.53,Books,Central
685,2024-02-28,CUST0043,1916.08,1189.49,1916.08,Home,South
686,2024-02-28,CUST0072,1642.27,1213.99,1642.27,Food,Central
687,2024-02-28,CUST0013,1266.75,710.78,1266.75,Home,South
688,2024-02-28,CUST0027,4511.85,2082.32,4511.85,Clothing,East
689,2024-02-28,CUST0071,2498.64,1511.9,2498.64,Electronics,East
690,2024-02-28,CUST0035,1992.67,1398.27,1992.67,Food,North
691,2024-02-29,CUST0018,2906.76,1577.93,2906.76,Home,West
692,2024-02-29,CUST0082,1962.3,1235.34,1962.3,Books,North
693,2024-02-29,CUST0020,1239.97,591.02,1239.97,Books,South
694,2024-02-29,CUST0005,4207.09,2947.95,4207.09,Clothing,North
695,2024-02-29,CUST0041,917.35,684.99,917.35,Home,West
696,2024-02-29,CUST0051,2929.03,1683.15,2929.03,Home,East
697,2024-02-29,CUST0060,1665.38,1225.49,1665.38,Clothing,Central
698,2024-02-29,CUST0084,2126.27,1514.21,2126.27,Clothing,West
699,2024-02-29,CUST0019,1062.08,533.3,1062.08,Sports,West
700,2024-02-29,CUST0015,3198.41,1745.51,3198.41,Food,Central
701,2024-02-29,CUST0027,2327.01,1019.28,2327.01,Home,West
702,2024-03-01,CUST0004,3880.84,2099.69,3880.84,Food,South
703,2024-03-01,CUST0023,4385.62,2699.95,4385.62,Home,Central
704,2024-03-01,CUST0041,1989.53,1230.88,1989.53,Electronics,Central
705,2024-03-01,CUST0057,2112.0,1286.22,2112.0,Clothing,Central
706,2024-03-01,CUST0051,1554.52,765.08,1554.52,Sports,West
707,2024-03-01,CUST0036,4835.89,2368.22,4835.89,Electronics,Central
708,2024-03-02,CUST0062,2142.01,1116.36,2142.01,Home,North
709,2024-03-02,CUST0057,1301.43,661.87,1301.43,Sports,East
710,2024-03-02,CUST0016,4997.74,2810.23,4997.74,Sports,Central
711,2024-03-02,CUST0016,2735.23,1257.77,2735.23,Food,South
712,2024-03-02,CUST0009,3561.14,1662.8,3561.14,Electronics,East
713,2024-03-02,CUST0017,3160.75,1873.52,3160.75,Books,West
714,2024-03-02,CUST0065,3179.19,1436.92,3179.19,Electronics,East
715,2024-03-02,CUST0088,1877.94,1451.97,1877.94,Clothing,East
716,2024-03-02,CUST0039,4027.41,1807.55,4027.41,Home,North
717,2024-03-02,CUST0093,1406.65,1016.77,1406.65,Electronics,Central
718,2024-03-02,CUST0003,1106.3,736.86,1106.3,Electronics,North
719,2024-03-02,CUST0055,3648.93,2279.96,3648.93,Electronics,North
720,2024-03-02,CUST0032,1933.56,899.52,1933.56,Books,South
721,2024-03-02,CUST0035,129.51,92.32,129.51,Sports,South
722,2024-03-02,CUST0004,3098.76,2284.75,3098.76,Food,Central
723,2024-03-02,CUST0049,4094.78,2532.92,4094.78,Food,Central
724,2024-03-02,CUST0006,2548.74,1751.96,2548.74,Home,East
725,2024-03-03,CUST0074,2012.94,911.23,2012.94,Electronics,West
726,2024-03-03,CUST0002,3401.9,2211.28,3401.9,Sports,East
727,2024-03-03,CUST0078,2532.5,1084.81,2532.5,Food,South
728,2024-03-03,CUST0082,4172.51,3181.27,4172.51,Books,West
729,2024-03-03,CUST0053,975.23,397.81,975.23,Food,Central
730,2024-03-03,CUST0097,1797.14,1165.48,1797.14,Home,North
731,2024-03-03,CUST0059,4396.02,2823.13,4396.02,Electronics,South
732,2024-03-04,CUST0066,3442.95,1835.03,3442.95,Sports,West
733,2024-03-04,CUST0007,4911.15,3506.29,4911.15,Sports,East
734,2024-03-04,CUST0020,3937.08,2521.47,3937.08,Home,South
735,2024-03-04,CUST0008,4709.3,3606.82,4709.3,Clothing,Central
736,2024-03-04,CUST0058,4886.67,2156.23,4886.67,Home,West
737,2024-03-04,CUST0090,2047.82,1423.55,2047.82,Books,North
738,2024-03-04,CUST0071,1061.98,645.56,1061.98,Food,East
739,2024-03-04,CUST0080,1066.4,632.6,1066.4,Clothing,West
740,2024-03-04,CUST0026,2770.55,1872.65,2770.55,Food,East
741,2024-03-04,CUST0091,424.14,331.07,424.14,Electronics,West
742,2024-03-04,CUST0066,3015.27,1958.3,3015.27,Sports,Central
743,2024-03-04,CUST0079,124.8,98.09,124.8,Food,South
744,2024-03-04,CUST0070,2280.9,1525.52,2280.9,Electronics,East
745,2024-03-05,CUST0068,1285.15,515.1,1285.15,Electronics,East
746,2024-03-05,CUST0079,574.23,265.26,574.23,Food,East
747,2024-03-05,CUST0022,4420.82,2126.65,4420.82,Books,South
748,2024-03-05,CUST0065,1899.1,797.99,1899.1,Electronics,Central
749,2024-03-05,CUST0036,2935.48,1471.38,2935.48,Food,North
750,2024-03-05,CUST0046,1141.39,787.89,1141.39,Clothing,North
751,2024-03-05,CUST0050,2515.3,1753.49,2515.3,Food,West
752,2024-03-05,CUST0028,3754.5,2875.27,3754.5,Books,Central
753,2024-03-06,CUST0092,3631.07,1465.58,3631.07,Electronics,East
754,2024-03-06,CUST0084,3206.56,1593.05,3206.56,Home,North
755,2024-03-06,CUST0052,4100.93,1722.42,4100.93,Electronics,North
756,2024-03-06,CUST0034,128.28,55.27,128.28,Food,Central
757,2024-03-06,CUST0033,2152.62,1046.47,2152.62,Food,South
758,2024-03-06,CUST0082,1892.39,1009.05,1892.39,Sports,East
759,2024-03-06,CUST0046,2492.83,1279.62,2492.83,Food,South
760,2024-03-06,CUST0091,2592.37,1299.67,2592.37,Sports,East
761,2024-03-06,CUST0006,3865.18,2207.01,3865.18,Food,North
762,2024-03-06,CUST0097,1701.35,1269.34,1701.35,Sports,Central
763,2024-03-06,CUST0085,3348.99,2394.38,3348.99,Clothing,Central
764,2024-03-06,CUST0040,4374.93,2866.37,4374.93,Books,South
765,2024-03-06,CUST0092,3264.15,2528.12,3264.15,Clothing,South
766,2024-03-06,CUST0058,2525.4,1803.23,2525.4,Electronics,Central
767,2024-03-06,CUST0061,1540.18,925.73,1540.18,Food,West
768,2024-03-07,CUST0078,571.7,403.49,571.7,Sports,South
769,2024-03-07,CUST0085,2073.45,1595.75,2073.45,Home,Central
770,2024-03-07,CUST0071,3943.29,3063.98,3943.29,Food,Central
771,2024-03-07,CUST0068,4141.12,2395.55,4141.12,Home,North
772,2024-03-07,CUST0056,1583.54,791.74,1583.54,Clothing,North
773,2024-03-07,CUST0052,1816.59,983.71,1816.59,Electronics,Central
774,2024-03-07,CUST0096,1573.59,1204.61,1573.59,Home,West
775,2024-03-07,CUST0058,3179.47,1746.83,3179.47,Electronics,North
776,2024-03-07,CUST0035,557.71,310.7,557.71,Sports,North
777,2024-03-07,CUST0081,4301.14,2885.1,4301.14,Books,East
778,2024-03-07,CUST0073,2101.85,851.88,2101.85,Home,Central
779,2024-03-07,CUST0023,2084.91,1436.03,2084.91,Home,North
780,2024-03-07,CUST0006,3716.1,2769.2,3716.1,Books,South
781,2024-03-07,CUST0030,1519.09,936.59,1519.09,Electronics,East
782,2024-03-07,CUST0010,3675.45,2766.38,3675.45,Books,East
783,2024-03-07,CUST0028,1150.69,699.26,1150.69,Food,East
784,2024-03-08,CUST0072,1136.79,891.18,1136.79,Food,Central
785,2024-03-08,CUST0097,2102.94,1475.31,2102.94,Food,East
786,2024-03-08,CUST0065,3497.33,2381.18,3497.33,Home,South
787,2024-03-08,CUST0001,1671.38,1034.04,1671.38,Clothing,Central
788,2024-03-08,CUST0049,2685.9,1198.33,2685.9,Home,Central
789,2024-03-08,CUST0026,1719.17,785.9,1719.17,Electronics,Central
790,2024-03-08,CUST0007,1989.7,1508.73,1989.7,Clothing,North
791,2024-03-08,CUST0062,4759.64,3382.18,4759.64,Electronics,East
792,2024-03-08,CUST0079,391.78,231.03,391.78,Home,Central
793,2024-03-08,CUST0016,1148.41,787.64,1148.41,Electronics,West
794,2024-03-09,CUST0086,2701.5,1984.11,2701.5,Electronics,East
795,2024-03-09,CUST0071,680.56,349.95,680.56,Sports,Central
796,2024-03-09,CUST0045,958.04,710.85,958.04,Food,East
797,2024-03-09,CUST0018,424.71,235.77,424.71,Food,South
798,2024-03-09,CUST0076,381.52,286.5,381.52,Electronics,West
799,2024-03-09,CUST0049,4247.24,2625.79,4247.24,Home,South
800,2024-03-09,CUST0079,1908.57,1377.08,1908.57,Books,Central
801,2024-03-09,CUST0083,2817.34,1488.87,2817.34,Food,East
802,2024-03-09,CUST0060,3547.84,1950.57,3547.84,Books,East
803,2024-03-09,CUST0091,3300.81,2256.12,3300.81,Sports,East
804,2024-03-09,CUST0009,4165.27,3069.51,4165.27,Books,West
805,2024-03-09,CUST0048,522.09,230.49,522.09,Electronics,West
806,2024-03-09,CUST0045,3844.25,2435.28,3844.25,Sports,South
807,2024-03-10,CUST0064,744.61,497.74,744.61,Books,Central
808,2024-03-10,CUST0092,1963.77,1305.89,1963.77,Sports,Central
809,2024-03-10,CUST0095,835.46,420.48,835.46,Food,Central
810,2024-03-10,CUST0086,3287.96,2484.55,3287.96,Sports,South
811,2024-03-10,CUST0011,1569.18,888.14,1569.18,Sports,East
812,2024-03-10,CUST0002,967.6,619.17,967.6,Sports,West
813,2024-03-10,CUST0080,3635.5,2538.68,3635.5,Electronics,South
814,2024-03-10,CUST0090,3495.97,1933.69,3495.97,Clothing,North
815,2024-03-11,CUST0038,3477.18,1758.15,3477.18,Food,Central
816,2024-03-11,CUST0028,1656.33,841.09,1656.33,Home,South
817,2024-03-11,CUST0007,1428.36,945.41,1428.36,Sports,South
818,2024-03-11,CUST0004,3326.75,2415.14,3326.75,Sports,West
819,2024-03-11,CUST0033,3879.63,2712.39,3879.63,Books,North
820,2024-03-11,CUST0021,2346.75,1186.52,2346.75,Food,Central
821,2024-03-11,CUST0048,3168.7,2355.13,3168.7,Sports,North
822,2024-03-11,CUST0029,4494.7,3394.61,4494.7,Home,South
823,2024-03-11,CUST0054,4232.11,2114.38,4232.11,Home,East
824,2024-03-11,CUST0031,4994.52,2650.37,4994.52,Food,Central
825,2024-03-11,CUST0035,4297.22,3433.7,4297.22,Home,Central
826,2024-03-11,CUST0059,693.9,283.78,693.9,Home,East
827,2024-03-11,CUST0048,2059.76,835.19,2059.76,Home,East
828,2024-03-11,CUST0024,127.93,52.05,127.93,Clothing,North
829,2024-03-11,CUST0079,3823.4,1588.91,3823.4,Food,South
830,2024-03-11,CUST0085,2838.81,1844.79,2838.81,Home,South
831,2024-03-11,CUST0029,1983.44,848.38,1983.44,Food,East
832,2024-03-11,CUST0025,3396.82,1546.82,3396.82,Books,East
833,2024-03-12,CUST0055,4644.5,3583.96,4644.5,Books,Central
834,2024-03-12,CUST0021,3183.71,1871.11,3183.71,Books,South
835,2024-03-12,CUST0084,3265.07,2356.61,3265.07,Sports,North
836,2024-03-12,CUST0061,2544.82,1984.14,2544.82,Clothing,East
837,2024-03-12,CUST0087,3403.78,1869.52,3403.78,Food,Central
838,2024-03-12,CUST0059,3176.64,1339.77,3176.64,Electronics,North
839,2024-03-12,CUST0065,395.51,245.96,395.51,Books,North
840,2024-03-12,CUST0086,937.81,639.64,937.81,Clothing,North
841,2024-03-12,CUST0020,4194.97,1962.79,4194.97,Clothing,North
842,2024-03-12,CUST0012,3068.0,2085.8,3068.0,Sports,West
843,2024-03-12,CUST0056,4806.55,2953.02,4806.55,Clothing,Central
844,2024-03-13,CUST0066,2943.27,2158.94,2943.27,Books,South
845,2024-03-13,CUST0043,3715.8,1627.38,3715.8,Sports,West
846,2024-03-13,CUST0030,207.13,117.93,207.13,Electronics,West
847,2024-03-13,CUST0062,4410.82,3322.08,4410.82,Food,Central
848,2024-03-13,CUST0027,4882.13,3287.53,4882.13,Home,North
849,2024-03-13,CUST0081,4986.33,2054.42,4986.33,Electronics,Central
850,2024-03-13,CUST0053,358.85,191.67,358.85,Books,North
851,2024-03-13,CUST0029,3363.08,2545.03,3363.08,Food,East
852,2024-03-13,CUST0058,3957.58,2241.92,3957.58,Clothing,East
853,2024-03-13,CUST0010,2372.08,1203.65,2372.08,Books,Central
854,2024-03-13,CUST0040,2672.91,2122.62,2672.91,Books,East
855,2024-03-13,CUST0094,1664.96,865.37,1664.96,Books,South
856,2024-03-13,CUST0013,1319.49,715.33,1319.49,Books,Central
857,2024-03-13,CUST0082,892.07,677.35,892.07,Sports,South
858,2024-03-13,CUST0046,4155.11,2836.57,4155.11,Sports,Central
859,2024-03-13,CUST0024,2418.56,1722.55,2418.56,Food,West
860,2024-03-13,CUST0017,1404.52,835.88,1404.52,Electronics,South
861,2024-03-14,CUST0098,3590.17,1840.92,3590.17,Electronics,Central
862,2024-03-14,CUST0076,1767.96,1094.18,1767.96,Electronics,South
863,2024-03-14,CUST0039,1603.68,986.6,1603.68,Home,North
864,2024-03-14,CUST0090,3837.54,2978.58,3837.54,Food,Central
865,2024-03-14,CUST0063,2472.49,1722.48,2472.49,Books,West
866,2024-03-14,CUST0099,3450.84,2288.71,3450.84,Clothing,West
867,2024-03-14,CUST0013,2109.92,1277.64,2109.92,Home,North
868,2024-03-14,CUST0077,4098.39,2475.67,4098.39,Electronics,West
869,2024-03-14,CUST0004,2473.64,1627.4,2473.64,Books,North
870,2024-03-14,CUST0063,3720.93,1904.25,3720.93,Sports,West
871,2024-03-14,CUST0003,868.25,643.98,868.25,Home,South
872,2024-03-14,CUST0038,4520.79,2900.27,4520.79,Sports,North
873,2024-03-14,CUST0010,3938.93,1973.88,3938.93,Food,East
874,2024-03-15,CUST0069,2806.09,2071.03,2806.09,Sports,West
875,2024-03-15,CUST0085,3380.18,1650.21,3380.18,Clothing,West
876,2024-03-15,CUST0013,1285.86,649.74,1285.86,Home,South
877,2024-03-15,CUST0077,3973.34,2586.38,3973.34,Electronics,West
878,2024-03-15,CUST0017,2318.7,1253.23,2318.7,Clothing,South
879,2024-03-15,CUST0072,4745.09,3691.05,4745.09,Food,South
880,2024-03-15,CUST0028,3939.77,2505.61,3939.77,Electronics,Central
881,2024-03-15,CUST0082,814.74,484.69,814.74,Electronics,Central
882,2024-03-15,CUST0094,3858.77,2157.62,3858.77,Clothing,Central
883,2024-03-15,CUST0055,3388.28,2389.27,3388.28,Electronics,East
884,2024-03-15,CUST0074,3094.89,2365.25,3094.89,Books,Central
885,2024-03-15,CUST0033,298.7,123.65,298.7,Electronics,West
886,2024-03-15,CUST0044,4645.5,3709.71,4645.5,Food,East
887,2024-03-15,CUST0015,2272.74,1124.99,2272.74,Books,North
888,2024-03-15,CUST0008,3878.24,2970.68,3878.24,Food,West
889,2024-03-15,CUST0062,1929.77,1390.55,1929.77,Food,East
890,2024-03-16,CUST0032,671.16,475.92,671.16,Clothing,Central
891,2024-03-16,CUST0056,4289.64,3148.71,4289.64,Sports,South
892,2024-03-16,CUST0054,1624.35,1136.67,1624.35,Electronics,North
893,2024-03-16,CUST0049,1210.41,651.24,1210.41,Home,East
894,2024-03-16,CUST0028,1504.19,626.65,1504.19,Food,North
895,2024-03-16,CUST0028,3284.25,1566.34,3284.25,Clothing,Central
896,2024-03-16,CUST0090,4430.03,3081.65,4430.03,Electronics,East
897,2024-03-16,CUST0058,1731.86,1008.37,1731.86,Electronics,North
898,2024-03-16,CUST0083,1767.09,1014.76,1767.09,Clothing,West
899,2024-03-16,CUST0028,1732.86,747.86,1732.86,Electronics,South
900,2024-03-16,CUST0063,1749.76,1284.03,1749.76,Books,South
901,2024-03-17,CUST0016,1032.53,481.11,1032.53,Books,Central
902,2024-03-17,CUST0024,2261.24,1358.12,2261.24,Sports,South
903,2024-03-17,CUST0010,4528.59,2984.37,4528.59,Food,East
904,2024-03-17,CUST0027,1506.62,671.83,1506.62,Electronics,East
905,2024-03-17,CUST0026,1101.61,733.02,1101.61,Clothing,South
906,2024-03-17,CUST0087,4483.04,3423.56,4483.04,Electronics,North
907,2024-03-17,CUST0021,3662.07,2842.09,3662.07,Electronics,West
908,2024-03-17,CUST0062,4163.2,1864.93,4163.2,Home,North
909,2024-03-18,CUST0052,1475.33,880.96,1475.33,Sports,North
910,2024-03-18,CUST0005,863.81,385.81,863.81,Sports,North
911,2024-03-18,CUST0087,273.98,133.47,273.98,Books,East
912,2024-03-18,CUST0086,4661.2,3395.18,4661.2,Food,South
913,2024-03-18,CUST0072,2824.87,2195.1,2824.87,Food,Central
914,2024-03-18,CUST0053,3910.94,1718.84,3910.94,Home,East
915,2024-03-18,CUST0073,4903.81,2382.66,4903.81,Food,South
916,2024-03-18,CUST0030,3707.39,1531.07,3707.39,Food,West
917,2024-03-19,CUST0072,561.16,263.19,561.16,Home,Central
918,2024-03-19,CUST0073,4102.76,3255.24,4102.76,Clothing,Central
919,2024-03-19,CUST0031,1238.35,566.82,1238.35,Books,North
920,2024-03-19,CUST0040,3475.46,2026.79,3475.46,Home,North
921,2024-03-19,CUST0054,1301.65,821.41,1301.65,Clothing,Central
922,2024-03-19,CUST0099,3738.64,1609.77,3738.64,Home,North
923,2024-03-19,CUST0017,1674.49,809.82,1674.49,Sports,North
924,2024-03-19,CUST0035,1823.76,1395.46,1823.76,Sports,Central
925,2024-03-19,CUST0013,2903.54,2046.28,2903.54,Electronics,Central
926,2024-03-19,CUST0069,1061.02,431.52,1061.02,Sports,South
927,2024-03-19,CUST0026,3435.14,2104.47,3435.14,Home,South
928,2024-03-19,CUST0064,2068.35,960.72,2068.35,Clothing,South
929,2024-03-19,CUST0078,1693.94,1306.44,1693.94,Home,West
930,2024-03-19,CUST0035,625.97,403.83,625.97,Electronics,East
931,2024-03-19,CUST0032,1805.6,1119.95,1805.6,Clothing,West
932,2024-03-19,CUST0017,4082.62,2632.2,4082.62,Food,South
933,2024-03-20,CUST0070,2248.37,1573.88,2248.37,Clothing,Central
934,2024-03-20,CUST0068,397.04,221.59,397.04,Food,West
935,2024-03-20,CUST0090,4540.88,2100.22,4540.88,Books,Central
936,2024-03-20,CUST0008,3565.07,1562.54,3565.07,Food,North
937,2024-03-20,CUST0071,1599.6,1175.06,1599.6,Books,East
938,2024-03-21,CUST0099,3195.3,2083.11,3195.3,Sports,South
939,2024-03-21,CUST0093,1608.39,671.05,1608.39,Books,South
940,2024-03-21,CUST0069,4131.13,1894.43,4131.13,Sports,South
941,2024-03-21,CUST0093,1223.87,542.23,1223.87,Sports,South
942,2024-03-21,CUST0096,4228.85,2510.28,4228.85,Electronics,Central
943,2024-03-21,CUST0063,4512.84,2193.61,4512.84,Food,South
944,2024-03-21,CUST0004,81.58,64.55,81.58,Books,North
945,2024-03-21,CUST0086,3655.44,1967.8,3655.44,Sports,East
946,2024-03-21,CUST0011,4736.44,2652.81,4736.44,Home,East
947,2024-03-21,CUST0076,3911.94,3125.83,3911.94,Sports,North
948,2024-03-21,CUST0073,2183.37,1139.28,2183.37,Clothing,East
949,2024-03-22,CUST0087,1152.25,602.49,1152.25,Sports,North
950,2024-03-22,CUST0025,843.12,394.89,843.12,Clothing,South
951,2024-03-22,CUST0041,466.43,259.92,466.43,Electronics,East
952,2024-03-22,CUST0099,3032.12,1410.57,3032.12,Food,East
953,2024-03-22,CUST0007,4159.25,3241.3,4159.25,Electronics,South
954,2024-03-22,CUST0054,4636.0,2632.55,4636.0,Food,East
955,2024-03-22,CUST0099,2129.02,859.86,2129.02,Home,East
956,2024-03-22,CUST0047,2937.1,1188.12,2937.1,Clothing,West
957,2024-03-22,CUST0002,1852.36,1160.48,1852.36,Clothing,East
958,2024-03-22,CUST0072,2700.07,1691.4,2700.07,Sports,West
959,2024-03-22,CUST0017,2159.3,1582.65,2159.3,Home,North
960,2024-03-22,CUST0069,1169.09,849.84,1169.09,Clothing,West
961,2024-03-22,CUST0076,2277.79,1218.58,2277.79,Home,South
962,2024-03-22,CUST0037,3330.84,2492.31,3330.84,Home,East
963,2024-03-22,CUST0052,2447.74,1658.4,2447.74,Food,Central
964,2024-03-22,CUST0027,2881.38,2080.85,2881.38,Books,Central
965,2024-03-22,CUST0036,788.78,400.13,788.78,Clothing,South
966,2024-03-23,CUST0019,4145.41,2627.93,4145.41,Clothing,Central
967,2024-03-23,CUST0100,1270.27,1004.04,1270.27,Sports,West
968,2024-03-23,CUST0019,4483.67,2326.64,4483.67,Sports,West
969,2024-03-23,CUST0009,3378.3,2467.6,3378.3,Books,South
970,2024-03-23,CUST0075,2015.11,932.04,2015.11,Home,South
971,2024-03-23,CUST0077,222.95,177.45,222.95,Clothing,North
972,2024-03-23,CUST0019,823.2,654.75,823.2,Clothing,East
973,2024-03-23,CUST0083,2910.14,2172.25,2910.14,Home,South
974,2024-03-23,CUST0066,2200.09,1272.92,2200.09,Books,North
975,2024-03-24,CUST0088,166.49,95.2,166.49,Electronics,East
976,2024-03-24,CUST0026,2803.14,1995.3,2803.14,Clothing,West
977,2024-03-24,CUST0092,248.69,188.0,248.69,Electronics,West
978,2024-03-24,CUST0024,3915.55,2805.83,3915.55,Books,West
979,2024-03-24,CUST0050,351.99,181.32,351.99,Food,East
980,2024-03-24,CUST0027,4242.09,2247.17,4242.09,Electronics,South
981,2024-03-24,CUST0054,3840.85,1544.65,3840.85,Sports,West
982,2024-03-24,CUST0010,1415.82,1001.6,1415.82,Books,South
983,2024-03-24,CUST0042,1205.0,783.41,1205.0,Home,Central
984,2024-03-24,CUST0027,3049.68,2256.09,3049.68,Electronics,South
985,2024-03-24,CUST0012,958.09,610.93,958.09,Electronics,West
986,2024-03-24,CUST0098,187.83,121.92,187.83,Books,West
987,2024-03-24,CUST0036,3898.4,2608.57,3898.4,Sports,East
988,2024-03-24,CUST0066,3185.39,2300.52,3185.39,Home,West
989,2024-03-24,CUST0024,2980.48,1389.98,2980.48,Home,South
990,2024-03-24,CUST0088,2756.15,2028.33,2756.15,Sports,South
991,2024-03-24,CUST0070,4590.48,2582.77,4590.48,Books,Central
992,2024-03-24,CUST0080,1502.1,916.56,1502.1,Home,West
993,2024-03-25,CUST0036,3971.35,2662.96,3971.35,Books,South
994,2024-03-25,CUST0016,2926.92,1467.72,2926.92,Food,Central
995,2024-03-25,CUST0078,3326.08,2173.54,3326.08,Sports,West
996,2024-03-25,CUST0014,1651.48,1099.92,1651.48,Home,West
997,2024-03-25,CUST0044,4625.06,2702.27,4625.06,Clothing,Central
998,2024-03-25,CUST0078,562.0,315.18,562.0,Food,North
999,2024-03-25,CUST0092,117.49,62.16,117.49,Food,Central
1000,2024-03-25,CUST0073,4790.28,3000.14,4790.28,Home,North
1001,2024-03-25,CUST0069,1951.01,1300.36,1951.01,Books,East
1002,2024-03-25,CUST0084,1239.48,542.88,1239.48,Books,East
1003,2024-03-25,CUST0075,4157.13,3287.12,4157.13,Home,South
1004,2024-03-25,CUST0067,375.77,284.28,375.77,Electronics,South
1005,2024-03-26,CUST0029,1563.43,877.21,1563.43,Books,Central
1006,2024-03-26,CUST0060,3488.54,1904.28,3488.54,Food,Central
1007,2024-03-26,CUST0020,2913.54,1973.54,2913.54,Electronics,West
1008,2024-03-26,CUST0091,2158.39,1722.12,2158.39,Home,East
1009,2024-03-26,CUST0086,973.87,399.55,973.87,Books,West
1010,2024-03-26,CUST0043,2485.67,1786.21,2485.67,Food,West
1011,2024-03-26,CUST0026,2777.7,1692.8,2777.7,Food,Central
1012,2024-03-26,CUST0083,2729.8,1185.86,2729.8,Food,West
1013,2024-03-26,CUST0011,2397.11,1022.79,2397.11,Clothing,South
1014,2024-03-27,CUST0019,4666.1,2842.98,4666.1,Sports,West
1015,2024-03-27,CUST0065,1573.47,1015.6,1573.47,Food,East
1016,2024-03-27,CUST0007,721.66,546.62,721.66,Food,Central
1017,2024-03-27,CUST0012,4983.0,3389.3,4983.0,Food,East
1018,2024-03-27,CUST0088,4561.13,1862.64,4561.13,Electronics,Central
1019,2024-03-27,CUST0057,3844.31,2617.37,3844.31,Books,West
1020,2024-03-27,CUST0011,2009.89,1411.95,2009.89,Books,North
1021,2024-03-27,CUST0028,1291.85,578.98,1291.85,Food,North
1022,2024-03-27,CUST0083,1920.3,815.77,1920.3,Electronics,West
1023,2024-03-27,CUST0092,871.96,370.1,871.96,Electronics,East
1024,2024-03-27,CUST0093,2286.11,1238.82,2286.11,Home,North
1025,2024-03-27,CUST0047,2103.39,1167.19,2103.39,Home,West
1026,2024-03-27,CUST0089,2014.89,1172.98,2014.89,Clothing,North
1027,2024-03-27,CUST0010,4775.1,2199.28,4775.1,Electronics,Central
1028,2024-03-27,CUST0033,600.48,448.72,600.48,Electronics,West
1029,2024-03-28,CUST0004,3394.33,1409.44,3394.33,Food,South
1030,2024-03-28,CUST0050,1113.84,464.23,1113.84,Electronics,Central
1031,2024-03-28,CUST0083,2906.06,1564.02,2906.06,Books,South
1032,2024-03-28,CUST0032,2673.35,1794.77,2673.35,Sports,North
1033,2024-03-28,CUST0016,2011.75,1043.15,2011.75,Food,East
1034,2024-03-28,CUST0017,2192.22,1399.23,2192.22,Sports,South
1035,2024-03-28,CUST0030,2376.08,1428.02,2376.08,Sports,East
1036,2024-03-28,CUST0036,3967.48,3040.34,3967.48,Clothing,South
1037,2024-03-28,CUST0001,1421.49,1103.58,1421.49,Clothing,South
1038,2024-03-29,CUST0044,1662.14,926.9,1662.14,Sports,East
1039,2024-03-29,CUST0030,2605.6,1647.41,2605.6,Electronics,South
1040,2024-03-29,CUST0094,2432.33,1760.69,2432.33,Food,North
1041,2024-03-29,CUST0029,4375.68,1772.86,4375.68,Electronics,East
1042,2024-03-29,CUST0052,704.29,405.63,704.29,Home,West
1043,2024-03-29,CUST0043,320.1,204.79,320.1,Clothing,West
1044,2024-03-29,CUST0059,3773.04,2875.87,3773.04,Clothing,East
1045,2024-03-29,CUST0098,4140.39,2629.97,4140.39,Home,South
1046,2024-03-29,CUST0025,4138.36,2700.63,4138.36,Electronics,Central
1047,2024-03-29,CUST0014,2100.0,1644.67,2100.0,Books,West
1048,2024-03-29,CUST0058,120.94,71.51,120.94,Home,Central
1049,2024-03-30,CUST0059,3949.32,2027.37,3949.32,Clothing,East
1050,2024-03-30,CUST0029,3349.28,1447.03,3349.28,Food,East
1051,2024-03-30,CUST0079,963.07,463.16,963.07,Food,West
1052,2024-03-30,CUST0019,2019.08,1220.9,2019.08,Food,South
1053,2024-03-30,CUST0085,769.37,463.37,769.37,Food,Central
1054,2024-03-30,CUST0067,2788.79,1696.08,2788.79,Electronics,West
1055,2024-03-30,CUST0071,1327.61,591.34,1327.61,Sports,South
1056,2024-03-30,CUST0044,967.12,596.24,967.12,Electronics,South
1057,2024-03-30,CUST0056,4732.56,3487.26,4732.56,Electronics,North
1058,2024-03-30,CUST0060,4687.79,3720.29,4687.79,Clothing,North
1059,2024-03-30,CUST0006,872.07,369.45,872.07,Home,East
1060,2024-03-31,CUST0078,755.65,417.77,755.65,Books,South
1061,2024-03-31,CUST0092,3378.33,1580.89,3378.33,Food,East
1062,2024-03-31,CUST0096,3841.56,2172.29,3841.56,Books,West
1063,2024-03-31,CUST0098,1710.09,805.17,1710.09,Food,South
1064,2024-03-31,CUST0048,3016.83,2086.03,3016.83,Sports,Central
1065,2024-03-31,CUST0082,1222.77,536.54,1222.77,Clothing,South
1066,2024-03-31,CUST0047,2959.1,1316.64,2959.1,Books,Central
1067,2024-03-31,CUST0075,1438.97,777.01,1438.97,Food,East
1068,2024-03-31,CUST0014,1658.37,1119.26,1658.37,Sports,Central
1069,2024-03-31,CUST0051,1162.05,650.44,1162.05,Food,East
1070,2024-03-31,CUST0092,1704.25,1179.94,1704.25,Books,East
1071,2024-03-31,CUST0052,1892.0,1151.76,1892.0,Home,North
1072,2024-03-31,CUST0099,4788.12,3620.09,4788.12,Sports,Central
1073,2024-04-01,CUST0016,2622.08,2094.02,2622.08,Books,East
1074,2024-04-01,CUST0055,2010.2,911.03,2010.2,Sports,Central
1075,2024-04-01,CUST0065,2198.56,991.61,2198.56,Sports,East
1076,2024-04-01,CUST0023,3362.63,1995.79,3362.63,Sports,Central
1077,2024-04-01,CUST0097,2989.21,1883.91,2989.21,Home,North
1078,2024-04-01,CUST0044,1034.13,543.96,1034.13,Clothing,East
1079,2024-04-01,CUST0007,4146.12,2080.59,4146.12,Clothing,West
1080,2024-04-01,CUST0057,3511.73,1869.03,3511.73,Home,South
1081,2024-04-01,CUST0049,2590.22,1171.3,2590.22,Books,Central
1082,2024-04-01,CUST0028,4564.2,1936.92,4564.2,Electronics,South
1083,2024-04-01,CUST0006,1476.51,594.42,1476.51,Food,North
1084,2024-04-01,CUST0075,1250.76,545.99,1250.76,Sports,South
1085,2024-04-01,CUST0099,4710.3,2212.73,4710.3,Electronics,East
1086,2024-04-01,CUST0088,3147.13,1951.89,3147.13,Home,East
1087,2024-04-01,CUST0045,4488.04,2147.61,4488.04,Electronics,West
1088,2024-04-01,CUST0016,652.39,414.42,652.39,Clothing,Central
1089,2024-04-01,CUST0016,4060.3,2321.96,4060.3,Sports,East
1090,2024-04-01,CUST0097,1315.93,698.72,1315.93,Clothing,West
1091,2024-04-02,CUST0045,1271.94,664.67,1271.94,Sports,Central
1092,2024-04-02,CUST0048,2161.17,1396.48,2161.17,Food,South
1093,2024-04-02,CUST0018,3874.72,2657.9,3874.72,Books,West
1094,2024-04-02,CUST0004,1833.86,1177.22,1833.86,Electronics,Central
1095,2024-04-02,CUST0016,4003.35,3094.99,4003.35,Food,North
1096,2024-04-02,CUST0020,4436.55,2588.31,4436.55,Clothing,South
1097,2024-04-02,CUST0074,4089.59,1666.83,4089.59,Home,North
1098,2024-04-02,CUST0009,4404.77,1848.63,4404.77,Sports,Central
1099,2024-04-02,CUST0042,54.6,41.57,54.6,Home,West
1100,2024-04-02,CUST0074,2525.29,1691.84,2525.29,Books,North
1101,2024-04-02,CUST0056,3812.03,2001.46,3812.03,Books,Central
1102,2024-04-02,CUST0051,4675.99,2437.85,4675.99,Home,North
1103,2024-04-03,CUST0081,4829.91,2692.3,4829.91,Home,South
1104,2024-04-03,CUST0092,4827.79,2757.99,4827.79,Clothing,East
1105,2024-04-03,CUST0084,1595.34,910.92,1595.34,Home,East
1106,2024-04-03,CUST0062,2021.49,814.11,2021.49,Electronics,West
1107,2024-04-03,CUST0035,3985.54,2110.31,3985.54,Sports,North
1108,2024-04-03,CUST0030,3305.69,2170.61,3305.69,Food,North
1109,2024-04-03,CUST0051,359.04,213.44,359.04,Clothing,West
1110,2024-04-03,CUST0017,3019.84,1794.57,3019.84,Home,Central
1111,2024-04-03,CUST0036,4363.01,3115.34,4363.01,Electronics,South
1112,2024-04-03,CUST0025,4727.87,3181.93,4727.87,Electronics,East
1113,2024-04-03,CUST0098,2577.32,1154.59,2577.32,Books,East
1114,2024-04-03,CUST0051,926.78,372.62,926.78,Clothing,Central
1115,2024-04-03,CUST0059,3429.13,1694.84,3429.13,Food,West
1116,2024-04-03,CUST0071,1482.73,1057.61,1482.73,Electronics,Central
1117,2024-04-03,CUST0056,3539.95,2466.61,3539.95,Sports,West
1118,2024-04-03,CUST0007,3143.65,2060.16,3143.65,Food,North
1119,2024-04-03,CUST0044,2403.6,1777.8,2403.6,Electronics,East
1120,2024-04-03,CUST0050,4190.39,2596.21,4190.39,Books,Central
1121,2024-04-03,CUST0099,2580.01,1655.66,2580.01,Home,East
1122,2024-04-04,CUST0014,4672.64,2620.83,4672.64,Home,Central
1123,2024-04-04,CUST0024,1846.77,1388.24,1846.77,Books,South
1124,2024-04-04,CUST0079,2068.5,1560.79,2068.5,Sports,East
1125,2024-04-04,CUST0008,3411.85,2226.41,3411.85,Food,Central
1126,2024-04-04,CUST0096,1526.45,1084.09,1526.45,Home,West
1127,2024-04-04,CUST0062,2744.07,2168.67,2744.07,Books,North
1128,2024-04-04,CUST0071,899.4,420.01,899.4,Home,Central
1129,2024-04-04,CUST0091,2108.51,896.65,2108.51,Sports,South
1130,2024-04-05,CUST0094,2283.77,1707.51,2283.77,Home,West
1131,2024-04-05,CUST0035,2139.85,1527.91,2139.85,Home,South
1132,2024-04-05,CUST0017,3261.3,1851.07,3261.3,Clothing,South
1133,2024-04-05,CUST0094,4657.58,3094.12,4657.58,Sports,North
1134,2024-04-05,CUST0020,4978.89,2858.4,4978.89,Food,North
1135,2024-04-06,CUST0057,1061.0,602.09,1061.0,Clothing,North
1136,2024-04-06,CUST0086,2791.43,1689.35,2791.43,Sports,South
1137,2024-04-06,CUST0097,880.68,394.67,880.68,Clothing,North
1138,2024-04-06,CUST0004,1197.61,817.04,1197.61,Books,Central
1139,2024-04-06,CUST0032,1776.72,977.07,1776.72,Electronics,West
1140,2024-04-06,CUST0060,1210.77,847.24,1210.77,Sports,South
1141,2024-04-06,CUST0056,316.46,150.62,316.46,Electronics,Central
1142,2024-04-06,CUST0043,451.76,262.42,451.76,Home,South
1143,2024-04-06,CUST0054,4393.39,3116.11,4393.39,Food,South
1144,2024-04-07,CUST0018,2330.63,1854.1,2330.63,Clothing,South
1145,2024-04-07,CUST0052,2715.06,2163.5,2715.06,Clothing,East
1146,2024-04-07,CUST0009,1372.02,842.23,1372.02,Food,West
1147,2024-04-07,CUST0070,4772.51,2141.67,4772.51,Books,East
1148,2024-04-07,CUST0024,52.96,27.7,52.96,Food,North
1149,2024-04-07,CUST0030,1492.24,846.04,1492.24,Home,East
1150,2024-04-08,CUST0042,4048.93,2813.86,4048.93,Clothing,North
1151,2024-04-08,CUST0017,4769.34,2022.63,4769.34,Sports,North
1152,2024-04-08,CUST0067,4229.36,3241.05,4229.36,Food,North
1153,2024-04-08,CUST0001,399.15,304.86,399.15,Books,Central
1154,2024-04-08,CUST0051,2745.92,1183.88,2745.92,Electronics,East
1155,2024-04-08,CUST0061,3702.51,1686.87,3702.51,Sports,South
1156,2024-04-08,CUST0074,2583.31,1828.41,2583.31,Food,North
1157,2024-04-08,CUST0044,4107.14,3102.03,4107.14,Home,West
1158,2024-04-09,CUST0078,4398.16,3434.99,4398.16,Sports,East
1159,2024-04-09,CUST0081,3519.63,1681.36,3519.63,Home,West
1160,2024-04-09,CUST0084,3992.38,2777.85,3992.38,Electronics,Central
1161,2024-04-09,CUST0006,2037.41,1461.34,2037.41,Home,North
1162,2024-04-09,CUST0007,247.07,125.9,247.07,Books,East
1163,2024-04-09,CUST0055,1794.02,748.54,1794.02,Food,North
1164,2024-04-09,CUST0097,3544.48,2131.92,3544.48,Sports,Central
1165,2024-04-09,CUST0087,1745.83,1136.65,1745.83,Home,South
1166,2024-04-09,CUST0071,2278.9,1395.7,2278.9,Food,South
1167,2024-04-09,CUST0007,3145.9,2275.45,3145.9,Electronics,North
1168,2024-04-09,CUST0006,2831.23,1892.85,2831.23,Clothing,South
1169,2024-04-09,CUST0060,3002.51,2179.08,3002.51,Electronics,North
1170,2024-04-09,CUST0042,1023.61,506.68,1023.61,Food,West
1171,2024-04-09,CUST0015,3024.68,2052.04,3024.68,Sports,East
1172,2024-04-09,CUST0059,3577.69,1707.5,3577.69,Clothing,South
1173,2024-04-09,CUST0071,941.79,418.1,941.79,Home,North
1174,2024-04-09,CUST0063,3435.16,1408.89,3435.16,Clothing,North
1175,2024-04-09,CUST0048,4275.59,2950.65,4275.59,Food,Central
1176,2024-04-09,CUST0040,1964.7,849.21,1964.7,Sports,North
1177,2024-04-10,CUST0096,1196.42,884.83,1196.42,Electronics,West
1178,2024-04-10,CUST0081,660.07,345.27,660.07,Electronics,Central
1179,2024-04-10,CUST0058,2873.53,1817.87,2873.53,Food,Central
1180,2024-04-10,CUST0024,2756.05,2077.49,2756.05,Clothing,Central
1181,2024-04-10,CUST0084,4389.24,3035.37,4389.24,Home,Central
1182,2024-04-11,CUST0029,1046.26,791.07,1046.26,Books,South
1183,2024-04-11,CUST0047,2534.94,1605.25,2534.94,Food,West
1184,2024-04-11,CUST0015,295.55,148.61,295.55,Books,Central
1185,2024-04-11,CUST0026,4369.5,1900.05,4369.5,Electronics,South
1186,2024-04-11,CUST0082,1743.56,1368.03,1743.56,Home,East
1187,2024-04-11,CUST0017,1790.67,1367.75,1790.67,Books,North
1188,2024-04-12,CUST0049,4068.44,2183.69,4068.44,Clothing,East
1189,2024-04-12,CUST0007,4929.55,3532.09,4929.55,Sports,West
1190,2024-04-12,CUST0062,4035.23,2978.06,4035.23,Electronics,North
1191,2024-04-12,CUST0016,149.11,63.37,149.11,Clothing,Central
1192,2024-04-12,CUST0020,2347.81,1520.63,2347.81,Electronics,East
1193,2024-04-12,CUST0033,608.57,388.62,608.57,Clothing,North
1194,2024-04-12,CUST0052,2438.88,1186.3,2438.88,Books,Central
1195,2024-04-12,CUST0030,2009.1,1296.39,2009.1,Electronics,West
1196,2024-04-12,CUST0078,4812.41,2956.04,4812.41,Sports,South
1197,2024-04-12,CUST0048,3350.32,2024.89,3350.32,Books,South
1198,2024-04-12,CUST0077,159.32,86.54,159.32,Electronics,West
1199,2024-04-12,CUST0046,3703.93,2751.23,3703.93,Food,West
1200,2024-04-12,CUST0078,3519.29,2612.09,3519.29,Food,South
1201,2024-04-12,CUST0077,4686.79,2841.46,4686.79,Books,South
1202,2024-04-12,CUST0094,1672.82,1214.97,1672.82,Home,East
1203,2024-04-12,CUST0019,999.09,621.64,999.09,Sports,West
1204,2024-04-13,CUST0007,4264.46,1849.52,4264.46,Food,Central
1205,2024-04-13,CUST0069,950.0,543.53,950.0,Home,Central
1206,2024-04-13,CUST0070,639.58,291.79,639.58,Electronics,South
1207,2024-04-13,CUST0011,255.41,135.07,255.41,Sports,South
1208,2024-04-13,CUST0014,3351.29,1924.17,3351.29,Sports,South
1209,2024-04-13,CUST0034,4654.32,2843.95,4654.32,Electronics,South
1210,2024-04-13,CUST0062,3644.12,1634.47,3644.12,Food,North
1211,2024-04-13,CUST0013,2843.86,1820.74,2843.86,Clothing,South
1212,2024-04-13,CUST0082,3573.3,2713.36,3573.3,Home,East
1213,2024-04-13,CUST0098,4616.89,3254.37,4616.89,Sports,Central
1214,2024-04-13,CUST0012,3350.09,2175.39,3350.09,Electronics,South
1215,2024-04-13,CUST0053,2666.85,1423.5,2666.85,Books,South
1216,2024-04-13,CUST0036,4075.08,2049.73,4075.08,Home,South
1217,2024-04-13,CUST0054,2209.42,1465.56,2209.42,Clothing,Central
1218,2024-04-13,CUST0094,4035.33,1835.02,4035.33,Books,North
1219,2024-04-14,CUST0061,3637.25,2671.8,3637.25,Books,West
1220,2024-04-14,CUST0006,4268.45,1777.27,4268.45,Electronics,East
1221,2024-04-14,CUST0010,3716.28,2207.5,3716.28,Home,Central
1222,2024-04-14,CUST0033,1442.69,841.13,1442.69,Food,South
1223,2024-04-14,CUST0096,420.73,186.16,420.73,Books,South
1224,2024-04-15,CUST0042,1314.0,960.78,1314.0,Clothing,South
1225,2024-04-15,CUST0057,2357.95,1690.12,2357.95,Books,Central
1226,2024-04-15,CUST0033,3609.42,2234.26,3609.42,Home,South
1227,2024-04-15,CUST0098,1348.92,767.11,1348.92,Books,East
1228,2024-04-15,CUST0018,4310.95,2321.36,4310.95,Sports,Central
1229,2024-04-15,CUST0087,4429.8,2181.87,4429.8,Books,North
1230,2024-04-15,CUST0036,4833.06,3808.59,4833.06,Electronics,Central
1231,2024-04-15,CUST0019,3519.29,1809.2,3519.29,Clothing,Central
1232,2024-04-15,CUST0054,1485.72,714.01,1485.72,Electronics,West
1233,2024-04-15,CUST0008,4626.98,1954.85,4626.98,Clothing,North
1234,2024-04-15,CUST0054,2759.26,1285.37,2759.26,Home,East
1235,2024-04-15,CUST0058,1749.21,1295.85,1749.21,Clothing,West
1236,2024-04-15,CUST0082,4535.86,3163.19,4535.86,Home,Central
1237,2024-04-15,CUST0007,3035.9,1311.16,3035.9,Clothing,South
1238,2024-04-15,CUST0040,2899.54,1306.09,2899.54,Sports,West
1239,2024-04-16,CUST0005,2061.76,1550.31,2061.76,Food,South
1240,2024-04-16,CUST0050,3610.21,1836.23,3610.21,Clothing,West
1241,2024-04-16,CUST0100,3398.17,1768.36,3398.17,Home,North
1242,2024-04-16,CUST0061,1084.73,735.79,1084.73,Home,Central
1243,2024-04-16,CUST0091,2278.87,1141.74,2278.87,Home,East
1244,2024-04-16,CUST0068,1057.5,748.31,1057.5,Home,South
1245,2024-04-16,CUST0097,220.43,127.48,220.43,Books,North
1246,2024-04-16,CUST0054,2714.9,2077.69,2714.9,Books,East
1247,2024-04-16,CUST0077,711.79,551.04,711.79,Clothing,Central
1248,2024-04-16,CUST0042,3399.26,1853.82,3399.26,Sports,West
1249,2024-04-16,CUST0072,3161.09,1536.48,3161.09,Home,East
1250,2024-04-16,CUST0038,1063.77,765.06,1063.77,Home,Central
1251,2024-04-16,CUST0012,1966.75,1009.15,1966.75,Sports,West
1252,2024-04-17,CUST0025,3231.75,2220.44,3231.75,Books,South
1253,2024-04-17,CUST0061,4019.11,2306.21,4019.11,Home,South
1254,2024-04-17,CUST0098,3717.3,2293.68,3717.3,Electronics,West
1255,2024-04-17,CUST0050,2471.67,1120.5,2471.67,Books,South
1256,2024-04-17,CUST0098,4625.33,2276.38,4625.33,Clothing,North
1257,2024-04-17,CUST0091,881.7,477.81,881.7,Food,South
1258,2024-04-17,CUST0062,3386.49,1377.16,3386.49,Sports,West
1259,2024-04-17,CUST0071,3520.43,1986.55,3520.43,Clothing,North
1260,2024-04-17,CUST0095,3474.01,2308.61,3474.01,Food,East
1261,2024-04-17,CUST0090,2534.63,1936.39,2534.63,Electronics,Central
1262,2024-04-17,CUST0064,4328.61,2522.52,4328.61,Sports,West
1263,2024-04-17,CUST0086,2403.54,1689.14,2403.54,Clothing,North
1264,2024-04-17,CUST0076,4984.21,2844.7,4984.21,Home,West
1265,2024-04-17,CUST0087,4394.86,2116.55,4394.86,Sports,Central
1266,2024-04-17,CUST0016,357.92,260.95,357.92,Home,Central
1267,2024-04-17,CUST0077,1489.84,875.67,1489.84,Food,Central
1268,2024-04-17,CUST0100,1003.75,453.32,1003.75,Books,West
1269,2024-04-17,CUST0044,4867.64,2339.21,4867.64,Home,West
1270,2024-04-17,CUST0055,1910.47,1391.24,1910.47,Clothing,South
1271,2024-04-18,CUST0010,936.86,708.69,936.86,Clothing,East
1272,2024-04-18,CUST0008,4919.37,2066.48,4919.37,Electronics,West
1273,2024-04-18,CUST0030,4809.0,3146.84,4809.0,Home,North
1274,2024-04-18,CUST0057,158.14,112.25,158.14,Sports,West
1275,2024-04-18,CUST0063,3049.19,1742.13,3049.19,Food,West
1276,2024-04-18,CUST0097,2831.58,1259.41,2831.58,Sports,Central
1277,2024-04-18,CUST0010,3970.37,3155.15,3970.37,Sports,North
1278,2024-04-18,CUST0021,4474.97,2391.1,4474.97,Books,West
1279,2024-04-18,CUST0028,2291.48,1172.04,2291.48,Home,Central
1280,2024-04-18,CUST0093,2920.16,1498.1,2920.16,Food,North
1281,2024-04-18,CUST0021,4994.03,2107.41,4994.03,Food,North
1282,2024-04-18,CUST0055,2265.38,1567.65,2265.38,Books,West
1283,2024-04-18,CUST0056,621.05,464.46,621.05,Sports,East
1284,2024-04-19,CUST0081,2875.73,2196.59,2875.73,Home,South
1285,2024-04-19,CUST0063,4691.32,3152.01,4691.32,Clothing,South
1286,2024-04-19,CUST0027,4714.74,3372.36,4714.74,Clothing,West
1287,2024-04-19,CUST0082,3756.06,1822.65,3756.06,Home,East
1288,2024-04-19,CUST0040,1221.74,920.03,1221.74,Home,West
1289,2024-04-19,CUST0076,4888.41,3623.91,4888.41,Books,Central
1290,2024-04-19,CUST0014,1174.94,725.54,1174.94,Home,South
1291,2024-04-19,CUST0082,498.27,332.45,498.27,Electronics,East
1292,2024-04-19,CUST0079,893.79,494.99,893.79,Books,North
1293,2024-04-20,CUST0035,210.33,112.39,210.33,Sports,East
1294,2024-04-20,CUST0065,1743.24,1262.09,1743.24,Home,North
1295,2024-04-20,CUST0059,3765.46,1861.64,3765.46,Sports,West
1296,2024-04-20,CUST0032,2588.67,1910.23,2588.67,Food,West
1297,2024-04-20,CUST0093,4323.99,1970.79,4323.99,Clothing,West
1298,2024-04-20,CUST0034,2278.04,1754.85,2278.04,Books,South
1299,2024-04-20,CUST0009,700.49,353.74,700.49,Food,North
1300,2024-04-20,CUST0035,1257.78,989.49,1257.78,Clothing,Central
1301,2024-04-20,CUST0039,2594.08,1753.73,2594.08,Books,North
1302,2024-04-20,CUST0078,4450.61,2066.21,4450.61,Sports,West
1303,2024-04-20,CUST0079,1190.08,526.69,1190.08,Electronics,North
1304,2024-04-20,CUST0005,3749.12,1571.5,3749.12,Books,South
1305,2024-04-20,CUST0018,83.64,59.01,83.64,Clothing,South
1306,2024-04-20,CUST0017,2636.36,1730.53,2636.36,Books,North
1307,2024-04-20,CUST0034,3594.12,2310.77,3594.12,Sports,South
1308,2024-04-20,CUST0034,3000.91,2088.13,3000.91,Books,South
1309,2024-04-20,CUST0003,2116.09,1108.55,2116.09,Sports,South
1310,2024-04-20,CUST0093,639.16,273.28,639.16,Electronics,Central
1311,2024-04-20,CUST0088,2746.77,1236.75,2746.77,Electronics,West
1312,2024-04-21,CUST0009,3813.62,2627.45,3813.62,Food,Central
1313,2024-04-21,CUST0004,1865.06,1037.66,1865.06,Food,East
1314,2024-04-21,CUST0040,4010.68,1991.96,4010.68,Sports,East
1315,2024-04-21,CUST0040,1370.63,825.63,1370.63,Home,West
1316,2024-04-21,CUST0006,3745.69,1517.15,3745.69,Electronics,West
1317,2024-04-21,CUST0002,1598.53,678.36,1598.53,Electronics,Central
1318,2024-04-21,CUST0043,2075.45,1103.63,2075.45,Food,South
1319,2024-04-21,CUST0067,2248.71,1022.76,2248.71,Food,West
1320,2024-04-21,CUST0084,2259.32,1560.75,2259.32,Home,North
1321,2024-04-21,CUST0013,566.86,355.76,566.86,Clothing,North
1322,2024-04-22,CUST0045,3771.4,2365.83,3771.4,Food,East
1323,2024-04-22,CUST0071,1340.51,814.11,1340.51,Home,South
1324,2024-04-22,CUST0072,3177.03,1930.04,3177.03,Food,Central
1325,2024-04-22,CUST0041,2485.41,1302.59,2485.41,Books,North
1326,2024-04-22,CUST0012,310.96,179.88,310.96,Electronics,Central
1327,2024-04-22,CUST0091,4345.13,2967.93,4345.13,Sports,South
1328,2024-04-22,CUST0079,4503.73,2933.56,4503.73,Books,North
1329,2024-04-22,CUST0052,4179.91,2637.28,4179.91,Electronics,South
1330,2024-04-22,CUST0038,2667.1,1103.52,2667.1,Sports,Central
1331,2024-04-22,CUST0064,4337.61,2601.15,4337.61,Clothing,South
1332,2024-04-22,CUST0087,2188.45,1749.93,2188.45,Electronics,East
1333,2024-04-22,CUST0013,2468.29,1504.86,2468.29,Electronics,East
1334,2024-04-22,CUST0045,4557.79,2617.4,4557.79,Books,Central
1335,2024-04-23,CUST0026,1612.93,1046.16,1612.93,Clothing,Central
1336,2024-04-23,CUST0092,710.99,394.37,710.99,Clothing,Central
1337,2024-04-23,CUST0095,4183.12,2861.84,4183.12,Food,North
1338,2024-04-23,CUST0051,4665.12,3467.51,4665.12,Books,East
1339,2024-04-23,CUST0011,3956.03,2536.43,3956.03,Electronics,South
1340,2024-04-23,CUST0039,421.05,205.98,421.05,Sports,South
1341,2024-04-23,CUST0082,373.12,271.91,373.12,Food,North
1342,2024-04-23,CUST0028,2595.42,1597.94,2595.42,Electronics,North
1343,2024-04-23,CUST0063,3771.38,2396.13,3771.38,Food,South
1344,2024-04-23,CUST0064,4140.63,2818.11,4140.63,Clothing,Central
1345,2024-04-23,CUST0061,4298.74,2516.69,4298.74,Clothing,South
1346,2024-04-23,CUST0049,1592.68,971.74,1592.68,Sports,North
1347,2024-04-23,CUST0090,4906.17,3261.25,4906.17,Home,Central
1348,2024-04-23,CUST0026,3328.05,2283.47,3328.05,Home,East
1349,2024-04-23,CUST0003,557.52,225.67,557.52,Books,Central
1350,2024-04-24,CUST0066,4916.17,2937.86,4916.17,Sports,East
1351,2024-04-24,CUST0046,4115.23,2048.82,4115.23,Electronics,East
1352,2024-04-24,CUST0071,1792.05,1036.63,1792.05,Sports,Central
1353,2024-04-24,CUST0085,1308.58,853.75,1308.58,Books,South
1354,2024-04-24,CUST0093,3048.48,1989.9,3048.48,Electronics,South
1355,2024-04-24,CUST0036,3777.94,2610.48,3777.94,Books,Central
1356,2024-04-24,CUST0023,962.03,406.75,962.03,Electronics,Central
1357,2024-04-24,CUST0038,136.62,57.32,136.62,Sports,Central
1358,2024-04-24,CUST0091,1667.36,900.12,1667.36,Home,South
1359,2024-04-24,CUST0092,2231.66,1125.12,2231.66,Books,Central
1360,2024-04-24,CUST0036,3392.39,1636.33,3392.39,Electronics,East
1361,2024-04-24,CUST0073,3484.62,1820.11,3484.62,Home,East
1362,2024-04-25,CUST0025,433.19,262.14,433.19,Sports,Central
1363,2024-04-25,CUST0070,4073.61,2572.5,4073.61,Home,South
1364,2024-04-25,CUST0002,400.42,265.94,400.42,Books,Central
1365,2024-04-25,CUST0084,2511.28,1959.11,2511.28,Electronics,North
1366,2024-04-25,CUST0094,1605.1,1257.1,1605.1,Electronics,East
1367,2024-04-26,CUST0064,3884.13,1891.93,3884.13,Books,Central
1368,2024-04-26,CUST0074,4578.43,2219.1,4578.43,Food,West
1369,2024-04-26,CUST0059,1150.3,555.87,1150.3,Electronics,East
1370,2024-04-26,CUST0098,1202.75,556.52,1202.75,Food,North
1371,2024-04-26,CUST0043,3786.4,1983.26,3786.4,Home,East
1372,2024-04-26,CUST0098,868.83,348.34,868.83,Electronics,South
1373,2024-04-26,CUST0039,324.45,237.89,324.45,Food,West
1374,2024-04-26,CUST0048,1365.14,1035.22,1365.14,Clothing,North
1375,2024-04-26,CUST0020,3087.73,1510.63,3087.73,Clothing,Central
1376,2024-04-26,CUST0001,4731.29,3173.41,4731.29,Books,East
1377,2024-04-26,CUST0055,1553.49,679.2,1553.49,Electronics,South
1378,2024-04-26,CUST0051,2590.64,1147.37,2590.64,Sports,East
1379,2024-04-26,CUST0100,3681.53,2709.64,3681.53,Books,West
1380,2024-04-26,CUST0050,4622.47,3367.88,4622.47,Electronics,South
1381,2024-04-26,CUST0044,2709.51,1817.68,2709.51,Home,South
1382,2024-04-26,CUST0031,2305.06,1743.52,2305.06,Food,North
1383,2024-04-26,CUST0002,2152.68,1155.34,2152.68,Books,East
1384,2024-04-26,CUST0058,3443.98,1689.31,3443.98,Food,West
1385,2024-04-27,CUST0082,579.79,412.98,579.79,Books,West
1386,2024-04-27,CUST0012,2471.73,1203.98,2471.73,Food,Central
1387,2024-04-27,CUST0074,3822.54,2960.45,3822.54,Food,North
1388,2024-04-27,CUST0049,4766.53,2362.93,4766.53,Electronics,West
1389,2024-04-27,CUST0057,383.06,194.29,383.06,Home,Central
1390,2024-04-27,CUST0006,854.68,461.36,854.68,Clothing,Central
1391,2024-04-28,CUST0057,1907.84,1241.43,1907.84,Electronics,West
1392,2024-04-28,CUST0003,4495.82,3480.53,4495.82,Food,South
1393,2024-04-28,CUST0045,3000.42,1329.12,3000.42,Clothing,South
1394,2024-04-28,CUST0089,4567.39,2150.97,4567.39,Electronics,Central
1395,2024-04-28,CUST0092,1362.6,906.32,1362.6,Books,Central
1396,2024-04-28,CUST0005,465.61,329.66,465.61,Sports,Central
1397,2024-04-28,CUST0032,4888.32,3840.95,4888.32,Electronics,East
1398,2024-04-28,CUST0003,545.77,277.62,545.77,Clothing,North
1399,2024-04-28,CUST0002,1340.28,585.72,1340.28,Sports,East
1400,2024-04-28,CUST0013,3166.93,1793.96,3166.93,Books,East
1401,2024-04-28,CUST0061,4113.2,2108.39,4113.2,Sports,North
1402,2024-04-28,CUST0047,3306.85,2285.0,3306.85,Clothing,South
1403,2024-04-28,CUST0044,1564.18,927.96,1564.18,Clothing,East
1404,2024-04-28,CUST0030,1835.99,1287.29,1835.99,Sports,East
1405,2024-04-28,CUST0024,4981.31,2938.04,4981.31,Home,East
1406,2024-04-28,CUST0076,1981.96,1499.17,1981.96,Electronics,West
1407,2024-04-28,CUST0090,3041.31,1982.95,3041.31,Clothing,Central
1408,2024-04-28,CUST0044,3152.51,1297.32,3152.51,Sports,Central
1409,2024-04-28,CUST0030,1220.55,591.48,1220.55,Clothing,North
1410,2024-04-29,CUST0025,4800.74,3555.59,4800.74,Food,Central
1411,2024-04-29,CUST0083,1749.72,713.26,1749.72,Food,South
1412,2024-04-29,CUST0050,2204.7,1345.0,2204.7,Clothing,Central
1413,2024-04-29,CUST0083,2142.3,1472.25,2142.3,Home,East
1414,2024-04-29,CUST0007,1382.49,1096.18,1382.49,Clothing,West
1415,2024-04-29,CUST0069,1791.01,1031.75,1791.01,Electronics,South
1416,2024-04-29,CUST0028,3008.28,2092.48,3008.28,Electronics,East
1417,2024-04-29,CUST0030,2268.02,1349.84,2268.02,Clothing,Central
1418,2024-04-29,CUST0065,4978.44,2947.6,4978.44,Electronics,South
1419,2024-04-29,CUST0038,4587.94,3304.82,4587.94,Clothing,South
1420,2024-04-29,CUST0074,2951.87,1762.11,2951.87,Electronics,Central
1421,2024-04-29,CUST0006,1289.18,944.57,1289.18,Clothing,West
1422,2024-04-29,CUST0023,3176.14,1960.24,3176.14,Clothing,North
1423,2024-04-29,CUST0055,3133.62,1813.58,3133.62,Food,North
1424,2024-04-29,CUST0013,864.6,486.37,864.6,Clothing,East
1425,2024-04-29,CUST0003,4666.38,2100.3,4666.38,Clothing,East
1426,2024-04-29,CUST0019,3348.72,1721.78,3348.72,Food,South
1427,2024-04-29,CUST0005,4830.89,2270.1,4830.89,Food,East
1428,2024-04-29,CUST0001,1482.71,877.54,1482.71,Food,West
1429,2024-04-30,CUST0041,2092.76,921.2,2092.76,Clothing,Central
1430,2024-04-30,CUST0099,1279.02,1017.09,1279.02,Sports,West
1431,2024-04-30,CUST0029,4980.17,3586.79,4980.17,Food,West
1432,2024-04-30,CUST0080,1073.65,826.74,1073.65,Clothing,North
1433,2024-04-30,CUST0002,4829.77,2591.79,4829.77,Clothing,East
1434,2024-04-30,CUST0078,2069.29,1639.1,2069.29,Electronics,North
1435,2024-04-30,CUST0018,651.95,425.87,651.95,Electronics,Central
1436,2024-04-30,CUST0070,4064.13,2276.49,4064.13,Books,West
1437,2024-04-30,CUST0040,449.32,300.56,449.32,Clothing,West
1438,2024-04-30,CUST0066,1117.27,810.56,1117.27,Sports,Central
1439,2024-04-30,CUST0099,1481.29,1156.75,1481.29,Food,North
1440,2024-04-30,CUST0039,1916.19,1506.07,1916.19,Sports,Central
1441,2024-04-30,CUST0011,4915.16,3020.8,4915.16,Electronics,South
1442,2024-04-30,CUST0002,3521.75,1428.95,3521.75,Home,Central
1443,2024-04-30,CUST0085,1741.29,1360.52,1741.29,Home,West
1444,2024-04-30,CUST0025,2519.89,1080.74,2519.89,Clothing,North
1445,2024-04-30,CUST0067,3837.49,2279.91,3837.49,Electronics,North
1446,2024-04-30,CUST0012,903.31,676.54,903.31,Electronics,North
1447,2024-04-30,CUST0005,4813.57,2923.51,4813.57,Clothing,Central
1448,2024-05-01,CUST0053,4028.28,2929.08,4028.28,Books,Central
1449,2024-05-01,CUST0072,2302.04,1614.63,2302.04,Clothing,West
1450,2024-05-01,CUST0076,2753.93,1200.13,2753.93,Home,Central
1451,2024-05-01,CUST0096,53.11,41.7,53.11,Sports,West
1452,2024-05-01,CUST0050,688.07,473.39,688.07,Home,West
1453,2024-05-01,CUST0036,1812.53,1296.99,1812.53,Electronics,Central
1454,2024-05-01,CUST0024,1216.63,833.96,1216.63,Clothing,North
1455,2024-05-01,CUST0069,1956.28,1109.51,1956.28,Books,East
1456,2024-05-01,CUST0023,846.26,575.57,846.26,Home,North
1457,2024-05-01,CUST0023,440.7,210.07,440.7,Electronics,East
1458,2024-05-01,CUST0020,4753.88,2920.19,4753.88,Sports,East
1459,2024-05-01,CUST0082,3994.46,2142.58,3994.46,Sports,North
1460,2024-05-01,CUST0033,4168.11,2340.01,4168.11,Home,North
1461,2024-05-02,CUST0034,1229.77,882.46,1229.77,Books,North
1462,2024-05-02,CUST0085,578.76,286.8,578.76,Food,East
1463,2024-05-02,CUST0094,3903.22,1827.55,3903.22,Electronics,East
1464,2024-05-02,CUST0012,2743.34,1702.75,2743.34,Food,North
1465,2024-05-02,CUST0017,3378.19,1795.52,3378.19,Electronics,East
1466,2024-05-02,CUST0092,3809.62,1837.74,3809.62,Home,Central
1467,2024-05-02,CUST0097,1225.92,730.3,1225.92,Electronics,Central
1468,2024-05-03,CUST0026,4589.53,2906.87,4589.53,Electronics,South
1469,2024-05-03,CUST0031,4378.27,2368.7,4378.27,Food,Central
1470,2024-05-03,CUST0036,676.85,319.07,676.85,Clothing,Central
1471,2024-05-03,CUST0059,2937.22,2038.15,2937.22,Books,South
1472,2024-05-03,CUST0009,679.76,520.62,679.76,Books,East
1473,2024-05-03,CUST0086,4946.17,2502.86,4946.17,Food,Central
1474,2024-05-03,CUST0011,594.87,329.17,594.87,Electronics,West
1475,2024-05-03,CUST0015,3651.31,1628.71,3651.31,Food,Central
1476,2024-05-03,CUST0026,1043.53,784.8,1043.53,Books,South
1477,2024-05-03,CUST0086,3121.76,2045.81,3121.76,Clothing,East
1478,2024-05-04,CUST0066,2687.59,1581.73,2687.59,Food,Central
1479,2024-05-04,CUST0050,634.13,445.55,634.13,Sports,South
1480,2024-05-04,CUST0063,3144.2,2447.68,3144.2,Books,West
1481,2024-05-04,CUST0056,908.31,626.66,908.31,Books,East
1482,2024-05-04,CUST0043,210.73,146.95,210.73,Food,Central
1483,2024-05-04,CUST0050,816.19,424.8,816.19,Home,Central
1484,2024-05-04,CUST0009,1310.59,780.56,1310.59,Electronics,East
1485,2024-05-04,CUST0018,2854.26,1883.29,2854.26,Electronics,East
1486,2024-05-04,CUST0095,1432.73,784.79,1432.73,Clothing,East
1487,2024-05-04,CUST0066,4417.93,2777.42,4417.93,Clothing,Central
1488,2024-05-04,CUST0028,1090.08,486.76,1090.08,Sports,West
1489,2024-05-04,CUST0070,1243.27,505.11,1243.27,Food,East
1490,2024-05-04,CUST0024,770.86,523.39,770.86,Sports,South
1491,2024-05-04,CUST0086,4999.25,2004.07,4999.25,Sports,North
1492,2024-05-05,CUST0028,4218.86,2040.76,4218.86,Books,Central
1493,2024-05-05,CUST0035,4604.2,3039.24,4604.2,Books,Central
1494,2024-05-05,CUST0078,4636.99,2751.95,4636.99,Clothing,West
1495,2024-05-05,CUST0053,303.56,181.71,303.56,Books,East
1496,2024-05-05,CUST0098,4661.71,2060.17,4661.71,Sports,South
1497,2024-05-05,CUST0040,799.48,575.13,799.48,Books,West
1498,2024-05-06,CUST0004,3159.62,1417.24,3159.62,Clothing,South
1499,2024-05-06,CUST0028,1806.91,1086.44,1806.91,Home,East
1500,2024-05-06,CUST0020,2530.76,1400.8,2530.76,Food,West
1501,2024-05-06,CUST0007,3271.09,2442.61,3271.09,Home,South
1502,2024-05-06,CUST0048,2743.42,1909.98,2743.42,Food,South
1503,2024-05-06,CUST0025,887.56,421.6,887.56,Books,West
1504,2024-05-06,CUST0079,2806.35,2123.7,2806.35,Food,South
1505,2024-05-06,CUST0028,2031.63,1259.51,2031.63,Home,East
1506,2024-05-06,CUST0010,4189.64,2036.94,4189.64,Food,East
1507,2024-05-06,CUST0048,993.35,580.93,993.35,Clothing,West
1508,2024-05-06,CUST0040,4908.04,2154.39,4908.04,Books,Central
1509,2024-05-06,CUST0002,4707.36,3146.14,4707.36,Home,North
1510,2024-05-06,CUST0072,4185.92,3284.46,4185.92,Home,West
1511,2024-05-06,CUST0019,3053.62,2259.03,3053.62,Food,North
1512,2024-05-06,CUST0040,3582.36,1730.29,3582.36,Home,North
1513,2024-05-06,CUST0098,2188.98,1721.93,2188.98,Electronics,East
1514,2024-05-06,CUST0054,4823.94,3314.76,4823.94,Books,South
1515,2024-05-06,CUST0055,4412.19,2382.91,4412.19,Sports,South
1516,2024-05-06,CUST0008,1591.99,1135.36,1591.99,Food,East
1517,2024-05-07,CUST0037,859.9,538.51,859.9,Food,West
1518,2024-05-07,CUST0017,1868.34,1140.39,1868.34,Electronics,West
1519,2024-05-07,CUST0033,3655.69,1925.02,3655.69,Books,North
1520,2024-05-07,CUST0085,3631.5,2291.02,3631.5,Home,South
1521,2024-05-07,CUST0013,3440.78,2350.4,3440.78,Electronics,West
1522,2024-05-08,CUST0073,2160.17,1246.28,2160.17,Electronics,North
1523,2024-05-08,CUST0025,2073.06,1216.21,2073.06,Electronics,North
1524,2024-05-08,CUST0036,4895.65,2714.87,4895.65,Home,South
1525,2024-05-08,CUST0001,517.27,232.92,517.27,Sports,West
1526,2024-05-08,CUST0035,4506.55,3001.03,4506.55,Home,West
1527,2024-05-08,CUST0068,3272.31,2388.15,3272.31,Books,Central
1528,2024-05-08,CUST0093,4901.03,3129.32,4901.03,Food,West
1529,2024-05-08,CUST0062,100.07,45.98,100.07,Clothing,North
1530,2024-05-08,CUST0055,2318.11,1803.51,2318.11,Books,North
1531,2024-05-08,CUST0013,2355.34,1168.48,2355.34,Home,South
1532,2024-05-08,CUST0095,2931.62,1591.01,2931.62,Electronics,West
1533,2024-05-08,CUST0023,4583.88,2962.01,4583.88,Sports,East
1534,2024-05-08,CUST0031,2652.56,1822.95,2652.56,Home,South
1535,2024-05-09,CUST0043,575.92,270.37,575.92,Electronics,East
1536,2024-05-09,CUST0038,1270.95,742.04,1270.95,Food,Central
1537,2024-05-09,CUST0086,1367.23,1002.56,1367.23,Sports,North
1538,2024-05-09,CUST0081,3649.98,2385.27,3649.98,Clothing,West
1539,2024-05-09,CUST0008,1425.56,854.3,1425.56,Books,South
1540,2024-05-09,CUST0093,2229.85,1381.42,2229.85,Clothing,West
1541,2024-05-09,CUST0008,4803.08,3189.89,4803.08,Sports,Central
1542,2024-05-09,CUST0031,1531.28,1070.74,1531.28,Books,West
1543,2024-05-09,CUST0073,4290.03,2395.65,4290.03,Clothing,West
1544,2024-05-09,CUST0079,3885.9,2697.2,3885.9,Sports,South
1545,2024-05-09,CUST0098,4442.84,2021.14,4442.84,Sports,North
1546,2024-05-09,CUST0008,826.67,644.0,826.67,Electronics,South
1547,2024-05-09,CUST0010,945.33,655.97,945.33,Electronics,West
1548,2024-05-09,CUST0020,423.89,274.32,423.89,Home,North
1549,2024-05-09,CUST0054,4774.39,3579.21,4774.39,Sports,East
1550,2024-05-10,CUST0050,210.81,134.52,210.81,Clothing,East
1551,2024-05-10,CUST0054,3130.76,1792.03,3130.76,Books,South
1552,2024-05-10,CUST0062,295.49,129.39,295.49,Sports,North
1553,2024-05-10,CUST0084,3620.06,1781.64,3620.06,Clothing,North
1554,2024-05-10,CUST0017,1362.88,919.18,1362.88,Food,South
1555,2024-05-10,CUST0045,2459.42,1674.69,2459.42,Books,East
1556,2024-05-10,CUST0100,399.22,308.84,399.22,Clothing,East
1557,2024-05-10,CUST0062,3255.22,2563.74,3255.22,Clothing,West
1558,2024-05-11,CUST0076,3128.95,1927.53,3128.95,Home,East
1559,2024-05-11,CUST0064,3167.87,1723.05,3167.87,Food,South
1560,2024-05-11,CUST0049,2487.39,1827.46,2487.39,Electronics,West
1561,2024-05-11,CUST0055,375.7,256.38,375.7,Electronics,North
1562,2024-05-11,CUST0024,4831.81,2185.2,4831.81,Electronics,South
1563,2024-05-11,CUST0097,3913.33,1880.24,3913.33,Clothing,East
1564,2024-05-11,CUST0068,228.03,151.27,228.03,Books,West
1565,2024-05-11,CUST0039,4579.94,3397.43,4579.94,Electronics,West
1566,2024-05-11,CUST0093,200.77,87.6,200.77,Sports,Central
1567,2024-05-12,CUST0075,3649.46,2891.48,3649.46,Clothing,West
1568,2024-05-12,CUST0016,1098.4,787.57,1098.4,Home,Central
1569,2024-05-12,CUST0019,4992.88,2046.71,4992.88,Sports,Central
1570,2024-05-12,CUST0075,4298.93,2119.55,4298.93,Sports,Central
1571,2024-05-12,CUST0083,1141.17,878.83,1141.17,Sports,East
1572,2024-05-12,CUST0019,4446.95,2596.91,4446.95,Books,South
1573,2024-05-12,CUST0061,4854.25,3027.02,4854.25,Books,North
1574,2024-05-12,CUST0006,476.27,297.03,476.27,Clothing,South
1575,2024-05-12,CUST0077,2238.23,1194.41,2238.23,Home,West
1576,2024-05-12,CUST0078,1508.29,759.4,1508.29,Food,North
1577,2024-05-12,CUST0026,312.03,219.04,312.03,Home,North
1578,2024-05-12,CUST0086,1651.45,782.0,1651.45,Home,West
1579,2024-05-12,CUST0077,1813.16,1230.78,1813.16,Sports,Central
1580,2024-05-12,CUST0039,1738.69,1215.35,1738.69,Books,North
1581,2024-05-12,CUST0021,438.62,330.07,438.62,Sports,West
1582,2024-05-12,CUST0003,1912.34,1472.94,1912.34,Electronics,East
1583,2024-05-12,CUST0074,4712.43,3279.03,4712.43,Clothing,North
1584,2024-05-12,CUST0090,2379.97,998.78,2379.97,Home,East
1585,2024-05-12,CUST0067,1813.44,853.92,1813.44,Food,North
1586,2024-05-13,CUST0012,1982.11,1513.59,1982.11,Books,West
1587,2024-05-13,CUST0049,4607.74,2915.02,4607.74,Home,North
1588,2024-05-13,CUST0057,4725.1,2291.25,4725.1,Electronics,South
1589,2024-05-13,CUST0070,627.9,283.58,627.9,Books,West
1590,2024-05-13,CUST0058,1576.34,1178.82,1576.34,Electronics,Central
1591,2024-05-13,CUST0050,332.62,222.57,332.62,Sports,North
1592,2024-05-13,CUST0090,1038.37,569.55,1038.37,Food,Central
1593,2024-05-13,CUST0065,3276.75,2332.37,3276.75,Books,West
1594,2024-05-13,CUST0012,1464.92,627.63,1464.92,Clothing,South
1595,2024-05-13,CUST0052,3512.66,1983.98,3512.66,Electronics,Central
1596,2024-05-13,CUST0024,2647.13,1735.85,2647.13,Electronics,Central
1597,2024-05-13,CUST0015,472.74,274.15,472.74,Food,East
1598,2024-05-13,CUST0063,2498.26,1893.43,2498.26,Food,Central
1599,2024-05-13,CUST0047,4498.05,3411.79,4498.05,Electronics,South
1600,2024-05-13,CUST0082,2183.16,1046.17,2183.16,Books,North
1601,2024-05-13,CUST0098,932.74,462.4,932.74,Food,South
1602,2024-05-13,CUST0005,791.4,337.32,791.4,Food,North
1603,2024-05-13,CUST0002,2882.8,1662.63,2882.8,Home,West
1604,2024-05-14,CUST0012,4472.87,3143.16,4472.87,Sports,West
1605,2024-05-14,CUST0097,802.3,362.74,802.3,Sports,West
1606,2024-05-14,CUST0095,1269.42,539.89,1269.42,Home,Central
1607,2024-05-14,CUST0080,1303.35,810.84,1303.35,Sports,North
1608,2024-05-14,CUST0043,1204.28,898.1,1204.28,Home,Central
1609,2024-05-14,CUST0042,2671.38,1496.92,2671.38,Books,Central
1610,2024-05-14,CUST0059,2740.25,1175.83,2740.25,Clothing,West
1611,2024-05-14,CUST0032,3401.34,2453.33,3401.34,Clothing,South
1612,2024-05-14,CUST0002,3326.21,1803.51,3326.21,Electronics,West
1613,2024-05-14,CUST0049,1174.68,660.83,1174.68,Electronics,North
1614,2024-05-14,CUST0040,1372.47,683.24,1372.47,Home,West
1615,2024-05-14,CUST0018,2516.08,1447.92,2516.08,Books,South
1616,2024-05-14,CUST0083,4292.29,2429.62,4292.29,Sports,Central
1617,2024-05-14,CUST0083,2976.94,2246.81,2976.94,Sports,Central
1618,2024-05-14,CUST0086,224.03,141.14,224.03,Sports,Central
1619,2024-05-14,CUST0020,2770.94,2059.1,2770.94,Books,South
1620,2024-05-14,CUST0004,104.52,59.22,104.52,Home,West
1621,2024-05-15,CUST0088,4721.68,1895.91,4721.68,Clothing,North
1622,2024-05-15,CUST0035,3833.05,2744.42,3833.05,Electronics,Central
1623,2024-05-15,CUST0009,3700.0,2785.66,3700.0,Books,East
1624,2024-05-15,CUST0022,2069.08,1065.49,2069.08,Electronics,West
1625,2024-05-15,CUST0034,2275.44,1671.87,2275.44,Electronics,West
1626,2024-05-15,CUST0060,362.78,231.92,362.78,Sports,Central
1627,2024-05-15,CUST0093,1461.67,1048.22,1461.67,Clothing,West
1628,2024-05-15,CUST0026,1199.83,902.9,1199.83,Books,Central
1629,2024-05-15,CUST0086,4356.62,2851.16,4356.62,Books,East
1630,2024-05-15,CUST0029,1471.93,1022.57,1471.93,Clothing,South
1631,2024-05-15,CUST0039,320.99,173.98,320.99,Home,North
1632,2024-05-15,CUST0020,3014.47,1536.67,3014.47,Clothing,North
1633,2024-05-15,CUST0033,4709.01,3507.05,4709.01,Clothing,Central
1634,2024-05-15,CUST0077,1698.14,764.13,1698.14,Electronics,Central
1635,2024-05-15,CUST0095,2363.57,1215.42,2363.57,Home,East
1636,2024-05-15,CUST0014,782.9,344.06,782.9,Food,West
1637,2024-05-15,CUST0064,1135.98,665.39,1135.98,Electronics,North
1638,2024-05-16,CUST0050,4130.13,2585.2,4130.13,Home,North
1639,2024-05-16,CUST0002,3349.3,2421.59,3349.3,Home,North
1640,2024-05-16,CUST0025,1216.05,940.01,1216.05,Food,North
1641,2024-05-16,CUST0034,4056.67,2921.05,4056.67,Food,South
1642,2024-05-16,CUST0002,4830.56,2348.17,4830.56,Sports,South
1643,2024-05-16,CUST0001,2612.12,1174.86,2612.12,Home,South
1644,2024-05-16,CUST0008,490.6,296.62,490.6,Clothing,Central
1645,2024-05-16,CUST0011,824.82,450.89,824.82,Home,East
1646,2024-05-16,CUST0057,4841.71,3708.26,4841.71,Clothing,South
1647,2024-05-16,CUST0031,3738.95,2264.98,3738.95,Clothing,West
1648,2024-05-16,CUST0068,2562.17,1436.1,2562.17,Clothing,North
1649,2024-05-16,CUST0070,3464.63,2220.74,3464.63,Home,East
1650,2024-05-16,CUST0075,3690.62,2940.79,3690.62,Clothing,North
1651,2024-05-16,CUST0041,4790.94,2065.3,4790.94,Books,Central
1652,2024-05-17,CUST0028,939.27,592.9,939.27,Home,East
1653,2024-05-17,CUST0032,2166.16,1501.44,2166.16,Sports,South
1654,2024-05-17,CUST0066,4286.83,2460.09,4286.83,Sports,South
1655,2024-05-17,CUST0074,1364.66,964.67,1364.66,Books,East
1656,2024-05-17,CUST0014,4279.55,1720.18,4279.55,Sports,West
1657,2024-05-17,CUST0066,1823.18,838.23,1823.18,Food,Central
1658,2024-05-17,CUST0020,2577.88,1523.06,2577.88,Sports,South
1659,2024-05-17,CUST0042,2442.84,1086.22,2442.84,Clothing,South
1660,2024-05-17,CUST0019,2137.78,1051.55,2137.78,Books,East
1661,2024-05-17,CUST0081,1349.43,568.03,1349.43,Books,North
1662,2024-05-17,CUST0094,4015.76,2212.17,4015.76,Home,West
1663,2024-05-17,CUST0035,4890.38,2348.48,4890.38,Home,East
1664,2024-05-17,CUST0044,3787.55,2533.61,3787.55,Sports,West
1665,2024-05-18,CUST0068,1090.87,683.27,1090.87,Food,Central
1666,2024-05-18,CUST0073,3298.09,1823.5,3298.09,Home,South
1667,2024-05-18,CUST0092,1636.79,715.94,1636.79,Clothing,East
1668,2024-05-18,CUST0077,314.62,181.94,314.62,Clothing,West
1669,2024-05-18,CUST0086,3843.21,2302.77,3843.21,Home,South
1670,2024-05-18,CUST0084,2985.26,1836.16,2985.26,Electronics,North
1671,2024-05-18,CUST0062,4417.06,2026.58,4417.06,Food,South
1672,2024-05-18,CUST0003,1252.58,956.15,1252.58,Home,West
1673,2024-05-18,CUST0059,4443.33,2917.08,4443.33,Home,North
1674,2024-05-18,CUST0051,3528.02,2760.29,3528.02,Sports,North
1675,2024-05-18,CUST0082,4846.39,3747.38,4846.39,Books,North
1676,2024-05-18,CUST0015,4259.63,2409.8,4259.63,Books,South
1677,2024-05-18,CUST0056,3028.35,1284.85,3028.35,Electronics,West
1678,2024-05-18,CUST0089,2208.43,1544.73,2208.43,Books,North
1679,2024-05-18,CUST0033,3377.8,2038.42,3377.8,Electronics,North
1680,2024-05-19,CUST0061,2389.25,1794.24,2389.25,Electronics,Central
1681,2024-05-19,CUST0022,4737.17,2350.99,4737.17,Food,West
1682,2024-05-19,CUST0067,2919.7,1946.9,2919.7,Clothing,North
1683,2024-05-19,CUST0057,4113.16,2034.11,4113.16,Food,East
1684,2024-05-19,CUST0057,4164.67,2943.2,4164.67,Home,East
1685,2024-05-19,CUST0030,4187.65,1844.7,4187.65,Books,Central
1686,2024-05-20,CUST0026,126.72,59.14,126.72,Clothing,East
1687,2024-05-20,CUST0028,4334.94,2152.47,4334.94,Food,East
1688,2024-05-20,CUST0100,4476.2,2199.01,4476.2,Electronics,South
1689,2024-05-20,CUST0040,4799.98,3441.9,4799.98,Home,East
1690,2024-05-20,CUST0024,3676.87,2378.03,3676.87,Books,East
1691,2024-05-20,CUST0020,3350.21,1721.05,3350.21,Sports,North
1692,2024-05-20,CUST0062,2298.36,1713.13,2298.36,Clothing,West
1693,2024-05-21,CUST0021,4321.67,2188.53,4321.67,Electronics,East
1694,2024-05-21,CUST0062,3247.93,1494.84,3247.93,Electronics,East
1695,2024-05-21,CUST0001,3661.13,1494.24,3661.13,Electronics,North
1696,2024-05-21,CUST0099,2265.47,1657.81,2265.47,Food,North
1697,2024-05-21,CUST0033,2477.72,1109.77,2477.72,Clothing,North
1698,2024-05-21,CUST0079,2049.68,1197.11,2049.68,Clothing,West
1699,2024-05-21,CUST0055,2211.08,1444.98,2211.08,Food,South
1700,2024-05-21,CUST0087,1249.35,961.75,1249.35,Electronics,West
1701,2024-05-21,CUST0093,146.26,115.43,146.26,Electronics,West
1702,2024-05-22,CUST0081,3205.15,1995.8,3205.15,Books,Central
1703,2024-05-22,CUST0024,2446.71,1612.97,2446.71,Home,East
1704,2024-05-22,CUST0041,3112.0,1630.5,3112.0,Food,West
1705,2024-05-22,CUST0065,2435.83,1710.93,2435.83,Electronics,West
1706,2024-05-22,CUST0093,1582.52,835.64,1582.52,Clothing,North
1707,2024-05-22,CUST0078,4840.31,2558.67,4840.31,Books,South
1708,2024-05-22,CUST0007,996.49,523.25,996.49,Clothing,North
1709,2024-05-22,CUST0039,1261.49,949.39,1261.49,Books,Central
1710,2024-05-22,CUST0079,4595.51,2588.27,4595.51,Home,West
1711,2024-05-22,CUST0009,3949.0,2070.91,3949.0,Clothing,Central
1712,2024-05-22,CUST0061,2880.89,2198.08,2880.89,Books,East
1713,2024-05-22,CUST0016,2079.62,1232.79,2079.62,Sports,North
1714,2024-05-22,CUST0082,2419.57,1134.63,2419.57,Clothing,South
1715,2024-05-22,CUST0023,2792.92,1706.08,2792.92,Sports,South
1716,2024-05-22,CUST0031,4592.91,2199.91,4592.91,Electronics,Central
1717,2024-05-22,CUST0021,3882.54,2572.11,3882.54,Books,South
1718,2024-05-22,CUST0096,4671.29,3213.77,4671.29,Sports,Central
1719,2024-05-22,CUST0083,431.86,225.64,431.86,Electronics,West
1720,2024-05-22,CUST0064,4813.71,3639.59,4813.71,Sports,East
1721,2024-05-23,CUST0073,1626.34,1126.03,1626.34,Home,West
1722,2024-05-23,CUST0092,3662.95,2067.27,3662.95,Home,East
1723,2024-05-23,CUST0056,3570.05,1502.23,3570.05,Food,West
1724,2024-05-23,CUST0043,1415.85,1078.85,1415.85,Books,East
1725,2024-05-23,CUST0083,1922.82,1345.76,1922.82,Clothing,Central
1726,2024-05-23,CUST0100,4958.85,3511.73,4958.85,Clothing,Central
1727,2024-05-23,CUST0061,1206.44,680.22,1206.44,Food,Central
1728,2024-05-23,CUST0067,2453.21,1450.34,2453.21,Clothing,North
1729,2024-05-23,CUST0072,767.42,385.17,767.42,Food,East
1730,2024-05-23,CUST0061,2457.7,1479.47,2457.7,Food,West
1731,2024-05-23,CUST0008,698.85,493.71,698.85,Sports,South
1732,2024-05-23,CUST0010,3684.83,2411.27,3684.83,Sports,North
1733,2024-05-23,CUST0095,4673.24,2212.46,4673.24,Food,West
1734,2024-05-23,CUST0023,3983.58,2320.54,3983.58,Home,North
1735,2024-05-23,CUST0057,3077.7,1927.56,3077.7,Electronics,West
1736,2024-05-24,CUST0013,4565.66,3554.05,4565.66,Food,West
1737,2024-05-24,CUST0024,1546.27,1172.13,1546.27,Home,North
1738,2024-05-24,CUST0018,2754.63,1729.33,2754.63,Food,North
1739,2024-05-24,CUST0073,2239.85,937.21,2239.85,Food,West
1740,2024-05-24,CUST0055,2393.5,1544.45,2393.5,Sports,South
1741,2024-05-24,CUST0078,3780.72,2976.35,3780.72,Books,South
1742,2024-05-24,CUST0094,3492.28,2550.01,3492.28,Food,South
1743,2024-05-24,CUST0001,887.17,469.29,887.17,Food,South
1744,2024-05-24,CUST0059,4650.57,3029.24,4650.57,Sports,North
1745,2024-05-24,CUST0021,300.01,125.27,300.01,Home,North
1746,2024-05-24,CUST0070,1318.65,627.89,1318.65,Home,Central
1747,2024-05-25,CUST0047,290.39,168.19,290.39,Clothing,Central
1748,2024-05-25,CUST0064,674.46,303.04,674.46,Clothing,South
1749,2024-05-25,CUST0060,4381.29,2280.82,4381.29,Home,North
1750,2024-05-25,CUST0025,4963.36,3293.75,4963.36,Clothing,Central
1751,2024-05-25,CUST0041,745.47,483.82,745.47,Sports,North
1752,2024-05-25,CUST0047,2747.16,1410.4,2747.16,Electronics,West
1753,2024-05-25,CUST0089,3625.75,1563.41,3625.75,Electronics,North
1754,2024-05-25,CUST0003,3231.74,2052.4,3231.74,Electronics,East
1755,2024-05-25,CUST0002,2462.97,1343.91,2462.97,Electronics,North
1756,2024-05-25,CUST0017,2180.07,1111.58,2180.07,Electronics,West
1757,2024-05-25,CUST0043,406.31,204.24,406.31,Electronics,South
1758,2024-05-25,CUST0046,3956.99,1632.2,3956.99,Clothing,North
1759,2024-05-25,CUST0024,1551.24,845.48,1551.24,Home,South
1760,2024-05-25,CUST0086,2241.54,1747.43,2241.54,Books,North
1761,2024-05-25,CUST0015,3058.09,1715.8,3058.09,Sports,East
1762,2024-05-25,CUST0058,1009.26,490.32,1009.26,Food,West
1763,2024-05-25,CUST0099,2888.78,1404.23,2888.78,Home,Central
1764,2024-05-25,CUST0007,1793.93,885.52,1793.93,Books,East
1765,2024-05-25,CUST0075,1015.52,796.4,1015.52,Books,West
1766,2024-05-26,CUST0075,3484.62,2075.89,3484.62,Sports,East
1767,2024-05-26,CUST0043,2302.01,1354.3,2302.01,Food,East
1768,2024-05-26,CUST0004,1680.14,700.42,1680.14,Home,South
1769,2024-05-26,CUST0081,426.17,286.18,426.17,Home,South
1770,2024-05-26,CUST0028,1025.67,769.41,1025.67,Electronics,West
1771,2024-05-26,CUST0017,2726.02,2016.82,2726.02,Sports,Central
1772,2024-05-26,CUST0061,2491.58,1573.81,2491.58,Food,South
1773,2024-05-26,CUST0042,2619.86,1360.29,2619.86,Home,North
1774,2024-05-26,CUST0030,1351.98,629.27,1351.98,Books,Central
1775,2024-05-26,CUST0054,2964.61,1291.65,2964.61,Sports,South
1776,2024-05-27,CUST0075,2827.69,1908.62,2827.69,Electronics,East
1777,2024-05-27,CUST0031,1466.98,835.48,1466.98,Home,West
1778,2024-05-27,CUST0081,3707.7,2688.25,3707.7,Food,South
1779,2024-05-27,CUST0050,3445.82,1722.77,3445.82,Electronics,West
1780,2024-05-27,CUST0069,2883.42,1619.93,2883.42,Food,West
1781,2024-05-27,CUST0088,2590.19,1549.65,2590.19,Electronics,North
1782,2024-05-27,CUST0045,493.12,282.81,493.12,Books,North
1783,2024-05-27,CUST0082,4134.42,2456.27,4134.42,Food,West
1784,2024-05-27,CUST0032,1529.37,729.81,1529.37,Clothing,Central
1785,2024-05-27,CUST0051,980.68,648.48,980.68,Home,West
1786,2024-05-27,CUST0074,2659.38,1844.79,2659.38,Clothing,South
1787,2024-05-27,CUST0058,1119.82,530.08,1119.82,Food,West
1788,2024-05-27,CUST0083,4222.6,2568.11,4222.6,Home,North
1789,2024-05-27,CUST0090,1434.03,646.69,1434.03,Books,North
1790,2024-05-27,CUST0022,714.3,469.94,714.3,Food,Central
1791,2024-05-27,CUST0043,3815.0,1782.69,3815.0,Home,South
1792,2024-05-27,CUST0088,2213.88,1122.77,2213.88,Food,North
1793,2024-05-28,CUST0065,4994.58,3212.04,4994.58,Books,Central
1794,2024-05-28,CUST0022,1636.41,1306.7,1636.41,Sports,North
1795,2024-05-28,CUST0016,4573.38,2503.1,4573.38,Electronics,Central
1796,2024-05-28,CUST0051,4348.96,3191.14,4348.96,Sports,North
1797,2024-05-28,CUST0031,1492.5,797.69,1492.5,Electronics,North
1798,2024-05-28,CUST0074,2510.98,1674.74,2510.98,Electronics,Central
1799,2024-05-28,CUST0034,2261.36,1214.77,2261.36,Electronics,West
1800,2024-05-28,CUST0013,451.24,309.82,451.24,Electronics,South
1801,2024-05-28,CUST0067,2133.44,1673.82,2133.44,Home,West
1802,2024-05-28,CUST0061,4669.98,3472.12,4669.98,Sports,West
1803,2024-05-28,CUST0007,4312.51,1860.14,4312.51,Electronics,Central
1804,2024-05-28,CUST0079,4342.05,3391.44,4342.05,Books,West
1805,2024-05-28,CUST0069,4172.82,1877.92,4172.82,Sports,South
1806,2024-05-28,CUST0039,1164.94,783.52,1164.94,Sports,South
1807,2024-05-28,CUST0016,2829.32,1342.15,2829.32,Home,Central
1808,2024-05-28,CUST0087,161.71,71.99,161.71,Clothing,West
1809,2024-05-28,CUST0073,2768.88,1936.4,2768.88,Food,West
1810,2024-05-29,CUST0016,3619.74,2400.3,3619.74,Clothing,Central
1811,2024-05-29,CUST0024,3082.79,1954.95,3082.79,Electronics,Central
1812,2024-05-29,CUST0021,2166.15,1102.35,2166.15,Food,North
1813,2024-05-29,CUST0032,1161.68,697.1,1161.68,Home,West
1814,2024-05-29,CUST0025,4142.38,3033.49,4142.38,Electronics,North
1815,2024-05-29,CUST0093,353.02,224.65,353.02,Sports,North
1816,2024-05-29,CUST0094,3908.68,1958.38,3908.68,Books,East
1817,2024-05-30,CUST0100,4731.08,2666.3,4731.08,Electronics,Central
1818,2024-05-30,CUST0045,2275.51,1081.9,2275.51,Books,South
1819,2024-05-30,CUST0037,4116.6,1693.69,4116.6,Electronics,Central
1820,2024-05-30,CUST0032,4475.79,3437.18,4475.79,Electronics,West
1821,2024-05-30,CUST0084,236.6,129.39,236.6,Sports,North
1822,2024-05-30,CUST0062,3744.25,1510.21,3744.25,Books,East
1823,2024-05-30,CUST0059,4666.05,2777.43,4666.05,Books,North
1824,2024-05-30,CUST0009,3375.31,1882.53,3375.31,Electronics,North
1825,2024-05-30,CUST0045,3543.01,2110.54,3543.01,Clothing,Central
1826,2024-05-30,CUST0006,2633.22,1131.42,2633.22,Electronics,Central
1827,2024-05-30,CUST0082,3638.32,2757.5,3638.32,Electronics,East
1828,2024-05-31,CUST0025,1086.56,439.75,1086.56,Clothing,Central
1829,2024-05-31,CUST0050,1557.65,732.74,1557.65,Home,North
1830,2024-05-31,CUST0016,4576.49,3369.45,4576.49,Sports,North
1831,2024-05-31,CUST0063,1095.48,575.43,1095.48,Electronics,East
1832,2024-05-31,CUST0076,243.44,159.55,243.44,Electronics,Central
1833,2024-05-31,CUST0072,4857.54,2794.12,4857.54,Home,West
1834,2024-05-31,CUST0086,828.32,560.15,828.32,Clothing,West
1835,2024-05-31,CUST0029,770.56,433.4,770.56,Food,West
1836,2024-05-31,CUST0046,252.71,154.39,252.71,Food,Central
1837,2024-05-31,CUST0094,3353.39,1400.17,3353.39,Clothing,Central
1838,2024-06-01,CUST0089,328.85,134.68,328.85,Home,North
1839,2024-06-01,CUST0061,2219.58,1121.06,2219.58,Sports,North
1840,2024-06-01,CUST0073,2597.13,1246.78,2597.13,Books,South
1841,2024-06-01,CUST0086,3906.08,1593.76,3906.08,Food,Central
1842,2024-06-01,CUST0012,4068.95,2942.56,4068.95,Books,Central
1843,2024-06-01,CUST0007,3363.46,1987.12,3363.46,Home,Central
1844,2024-06-01,CUST0089,2526.77,1372.05,2526.77,Food,Central
1845,2024-06-01,CUST0079,3479.37,2603.91,3479.37,Home,Central
1846,2024-06-01,CUST0072,914.32,483.59,914.32,Food,South
1847,2024-06-01,CUST0031,2612.27,1648.73,2612.27,Electronics,Central
1848,2024-06-01,CUST0003,1493.36,756.78,1493.36,Food,West
1849,2024-06-01,CUST0093,3093.77,1834.51,3093.77,Sports,South
1850,2024-06-01,CUST0040,3748.76,1966.91,3748.76,Electronics,Central
1851,2024-06-01,CUST0019,408.17,307.12,408.17,Food,West
1852,2024-06-01,CUST0090,2932.86,1321.95,2932.86,Books,North
1853,2024-06-01,CUST0078,1422.43,1136.06,1422.43,Food,West
1854,2024-06-01,CUST0054,3989.14,2138.53,3989.14,Books,East
1855,2024-06-02,CUST0078,4211.89,1741.07,4211.89,Books,South
1856,2024-06-02,CUST0027,408.26,319.12,408.26,Sports,South
1857,2024-06-02,CUST0051,753.6,494.29,753.6,Clothing,West
1858,2024-06-02,CUST0022,4657.62,1873.01,4657.62,Home,South
1859,2024-06-02,CUST0075,741.62,325.16,741.62,Electronics,East
1860,2024-06-02,CUST0068,2734.81,1670.92,2734.81,Food,North
1861,2024-06-02,CUST0070,4060.19,1766.31,4060.19,Home,Central
1862,2024-06-02,CUST0072,2606.4,1800.48,2606.4,Sports,West
1863,2024-06-02,CUST0051,861.46,598.18,861.46,Clothing,North
1864,2024-06-02,CUST0061,2251.54,942.44,2251.54,Clothing,South
1865,2024-06-02,CUST0009,3328.74,1542.25,3328.74,Books,North
1866,2024-06-02,CUST0042,4452.13,2705.82,4452.13,Home,North
1867,2024-06-02,CUST0080,4414.5,3340.58,4414.5,Home,East
1868,2024-06-02,CUST0017,3580.94,2376.92,3580.94,Clothing,East
1869,2024-06-02,CUST0062,559.58,384.77,559.58,Sports,Central
1870,2024-06-02,CUST0005,4296.69,2231.78,4296.69,Clothing,East
1871,2024-06-02,CUST0071,177.42,95.17,177.42,Sports,East
1872,2024-06-02,CUST0070,2214.87,1712.22,2214.87,Books,North
1873,2024-06-02,CUST0007,3210.35,1652.45,3210.35,Sports,East
1874,2024-06-03,CUST0001,4624.88,1895.07,4624.88,Food,East
1875,2024-06-03,CUST0003,1354.85,1059.3,1354.85,Food,West
1876,2024-06-03,CUST0070,1056.89,484.86,1056.89,Electronics,West
1877,2024-06-03,CUST0024,973.56,494.32,973.56,Home,North
1878,2024-06-03,CUST0069,3369.18,1776.7,3369.18,Home,West
1879,2024-06-03,CUST0027,1275.7,768.72,1275.7,Food,South
1880,2024-06-03,CUST0060,1154.3,487.81,1154.3,Clothing,North
1881,2024-06-03,CUST0059,2324.54,1266.88,2324.54,Books,South
1882,2024-06-03,CUST0063,4705.66,3587.49,4705.66,Clothing,North
1883,2024-06-03,CUST0054,2727.88,1871.62,2727.88,Home,East
1884,2024-06-03,CUST0061,4290.81,3336.7,4290.81,Books,North
1885,2024-06-03,CUST0084,1992.29,1119.84,1992.29,Clothing,West
1886,2024-06-03,CUST0047,227.04,138.79,227.04,Electronics,East
1887,2024-06-03,CUST0017,3048.21,2062.86,3048.21,Sports,North
1888,2024-06-03,CUST0035,2863.18,1648.63,2863.18,Food,South
1889,2024-06-03,CUST0051,3417.18,2518.4,3417.18,Sports,South
1890,2024-06-03,CUST0094,636.39,258.03,636.39,Clothing,North
1891,2024-06-03,CUST0083,1287.91,946.12,1287.91,Food,Central
1892,2024-06-04,CUST0095,2876.41,1619.86,2876.41,Clothing,Central
1893,2024-06-04,CUST0092,2895.45,1624.09,2895.45,Books,South
1894,2024-06-04,CUST0073,2178.77,1729.46,2178.77,Clothing,East
1895,2024-06-04,CUST0017,3758.33,1997.59,3758.33,Clothing,Central
1896,2024-06-04,CUST0004,3286.2,1823.25,3286.2,Electronics,West
1897,2024-06-04,CUST0090,2109.15,1473.6,2109.15,Electronics,West
1898,2024-06-05,CUST0016,568.07,414.16,568.07,Food,South
1899,2024-06-05,CUST0027,1617.18,905.72,1617.18,Food,West
1900,2024-06-05,CUST0009,3553.53,2107.97,3553.53,Books,Central
1901,2024-06-05,CUST0051,4430.39,2794.72,4430.39,Food,Central
1902,2024-06-05,CUST0093,2419.29,1010.94,2419.29,Electronics,West
1903,2024-06-05,CUST0038,2486.47,1870.47,2486.47,Food,East
1904,2024-06-05,CUST0049,2189.46,1471.07,2189.46,Electronics,Central
1905,2024-06-06,CUST0097,650.26,289.69,650.26,Books,West
1906,2024-06-06,CUST0067,1614.22,848.51,1614.22,Electronics,South
1907,2024-06-06,CUST0097,4324.28,3065.96,4324.28,Books,West
1908,2024-06-06,CUST0079,3857.79,2463.93,3857.79,Sports,North
1909,2024-06-06,CUST0029,653.35,394.56,653.35,Home,South
1910,2024-06-06,CUST0017,3256.72,1575.65,3256.72,Electronics,West
1911,2024-06-06,CUST0074,4845.64,3860.8,4845.64,Food,Central
1912,2024-06-06,CUST0026,1761.36,825.3,1761.36,Sports,East
1913,2024-06-06,CUST0095,4140.95,3169.92,4140.95,Books,East
1914,2024-06-06,CUST0093,241.03,181.15,241.03,Books,West
1915,2024-06-06,CUST0055,4494.6,2028.89,4494.6,Home,Central
1916,2024-06-06,CUST0091,2130.66,1615.13,2130.66,Sports,East
1917,2024-06-06,CUST0043,1333.12,543.34,1333.12,Home,North
1918,2024-06-06,CUST0077,4612.55,3242.56,4612.55,Sports,Central
1919,2024-06-07,CUST0032,3781.21,2188.89,3781.21,Books,South
1920,2024-06-07,CUST0061,1649.2,1213.13,1649.2,Sports,Central
1921,2024-06-07,CUST0021,728.06,491.26,728.06,Books,East
1922,2024-06-07,CUST0098,1608.46,718.54,1608.46,Food,East
1923,2024-06-07,CUST0084,2303.88,1758.72,2303.88,Electronics,South
1924,2024-06-07,CUST0026,3452.05,1513.04,3452.05,Electronics,West
1925,2024-06-07,CUST0088,3794.87,1908.61,3794.87,Food,South
1926,2024-06-07,CUST0013,4205.07,2435.86,4205.07,Books,East
1927,2024-06-07,CUST0072,2634.53,1476.96,2634.53,Clothing,South
1928,2024-06-07,CUST0023,3628.57,1750.71,3628.57,Food,West
1929,2024-06-07,CUST0046,2966.32,1725.72,2966.32,Clothing,Central
1930,2024-06-07,CUST0071,102.83,73.07,102.83,Sports,East
1931,2024-06-07,CUST0093,1799.71,1182.2,1799.71,Electronics,Central
1932,2024-06-07,CUST0010,539.89,274.56,539.89,Food,West
1933,2024-06-07,CUST0026,311.15,181.33,311.15,Food,West
1934,2024-06-07,CUST0095,3733.43,2696.72,3733.43,Food,North
1935,2024-06-07,CUST0083,4357.47,1984.66,4357.47,Electronics,North
1936,2024-06-08,CUST0001,3481.19,2508.37,3481.19,Food,West
1937,2024-06-08,CUST0039,3231.73,1716.4,3231.73,Books,West
1938,2024-06-08,CUST0021,2195.65,1226.69,2195.65,Home,North
1939,2024-06-08,CUST0016,98.74,48.9,98.74,Electronics,West
1940,2024-06-08,CUST0034,2874.79,1650.81,2874.79,Electronics,South
1941,2024-06-08,CUST0041,392.41,208.95,392.41,Sports,South
1942,2024-06-08,CUST0015,3067.17,1944.82,3067.17,Clothing,Central
1943,2024-06-08,CUST0060,4759.64,2592.03,4759.64,Electronics,South
1944,2024-06-08,CUST0048,572.29,385.28,572.29,Food,North
1945,2024-06-08,CUST0080,2108.08,1560.3,2108.08,Books,Central
1946,2024-06-08,CUST0006,2244.44,1423.75,2244.44,Clothing,East
1947,2024-06-08,CUST0074,1634.92,1251.33,1634.92,Home,West
1948,2024-06-08,CUST0090,2231.74,1414.7,2231.74,Clothing,West
1949,2024-06-08,CUST0068,1974.81,827.38,1974.81,Books,South
1950,2024-06-08,CUST0066,1032.79,617.54,1032.79,Clothing,Central
1951,2024-06-08,CUST0054,3439.63,1548.44,3439.63,Food,South
1952,2024-06-08,CUST0019,3333.64,1877.83,3333.64,Clothing,North
1953,2024-06-08,CUST0025,1248.81,585.3,1248.81,Clothing,Central
1954,2024-06-08,CUST0068,3411.83,2708.93,3411.83,Electronics,Central
1955,2024-06-09,CUST0051,4671.4,3489.26,4671.4,Clothing,North
1956,2024-06-09,CUST0062,2857.29,1784.26,2857.29,Home,West
1957,2024-06-09,CUST0068,3423.23,1456.29,3423.23,Home,North
1958,2024-06-09,CUST0080,3470.21,1949.08,3470.21,Clothing,Central
1959,2024-06-09,CUST0006,3532.47,2324.16,3532.47,Sports,North
1960,2024-06-09,CUST0056,3557.97,1586.06,3557.97,Food,North
1961,2024-06-09,CUST0004,1245.93,833.38,1245.93,Food,East
1962,2024-06-09,CUST0036,947.19,648.64,947.19,Sports,East
1963,2024-06-09,CUST0019,3405.58,2141.5,3405.58,Clothing,North
1964,2024-06-09,CUST0047,2132.12,1263.02,2132.12,Sports,East
1965,2024-06-09,CUST0065,585.44,465.24,585.44,Books,West
1966,2024-06-09,CUST0055,4022.68,2391.71,4022.68,Books,North
1967,2024-06-09,CUST0051,1476.35,729.91,1476.35,Food,Central
1968,2024-06-09,CUST0064,329.19,246.01,329.19,Electronics,East
1969,2024-06-09,CUST0056,391.5,312.54,391.5,Books,North
1970,2024-06-10,CUST0010,1242.93,962.59,1242.93,Books,North
1971,2024-06-10,CUST0090,3491.22,1564.42,3491.22,Electronics,Central
1972,2024-06-10,CUST0011,1483.43,935.87,1483.43,Sports,East
1973,2024-06-10,CUST0013,2066.66,1601.2,2066.66,Clothing,Central
1974,2024-06-10,CUST0001,3866.64,2219.81,3866.64,Electronics,South
1975,2024-06-10,CUST0007,4380.95,3173.26,4380.95,Home,Central
1976,2024-06-10,CUST0084,2811.16,1551.15,2811.16,Clothing,East
1977,2024-06-10,CUST0042,1601.17,829.48,1601.17,Home,South
1978,2024-06-10,CUST0035,4031.31,1875.55,4031.31,Electronics,South
1979,2024-06-10,CUST0079,2779.02,1511.28,2779.02,Sports,East
1980,2024-06-10,CUST0021,2649.45,1274.91,2649.45,Electronics,Central
1981,2024-06-10,CUST0032,2972.61,1304.28,2972.61,Home,East
1982,2024-06-11,CUST0018,3973.88,2589.57,3973.88,Food,North
1983,2024-06-11,CUST0066,1673.94,1111.76,1673.94,Home,Central
1984,2024-06-11,CUST0003,1831.57,1221.88,1831.57,Food,West
1985,2024-06-11,CUST0094,3964.71,2859.36,3964.71,Clothing,South
1986,2024-06-11,CUST0026,3132.57,1770.33,3132.57,Electronics,North
1987,2024-06-11,CUST0031,1671.89,809.31,1671.89,Food,South
1988,2024-06-11,CUST0083,4512.45,1867.69,4512.45,Clothing,West
1989,2024-06-11,CUST0071,1857.21,1197.16,1857.21,Books,South
1990,2024-06-11,CUST0074,584.41,250.05,584.41,Home,North
1991,2024-06-11,CUST0056,3263.68,1518.98,3263.68,Electronics,North
1992,2024-06-11,CUST0088,3063.55,1445.13,3063.55,Electronics,East
1993,2024-06-11,CUST0011,1680.42,1067.27,1680.42,Home,West
1994,2024-06-11,CUST0012,4521.34,3024.38,4521.34,Home,South
1995,2024-06-11,CUST0088,2212.93,1579.62,2212.93,Home,Central
1996,2024-06-11,CUST0099,3868.05,2849.11,3868.05,Home,South
1997,2024-06-11,CUST0009,1078.46,440.13,1078.46,Sports,Central
1998,2024-06-11,CUST0038,249.63,119.94,249.63,Food,East
1999,2024-06-11,CUST0087,3803.6,2728.9,3803.6,Clothing,East
2000,2024-06-12,CUST0067,3217.78,2394.36,3217.78,Clothing,West
2001,2024-06-12,CUST0091,1528.43,1141.39,1528.43,Clothing,West
2002,2024-06-12,CUST0089,343.16,151.73,343.16,Sports,North
2003,2024-06-12,CUST0083,2234.09,951.72,2234.09,Home,West
2004,2024-06-12,CUST0062,2815.18,2143.61,2815.18,Sports,Central
2005,2024-06-12,CUST0050,4025.22,2305.33,4025.22,Home,West
2006,2024-06-13,CUST0085,891.45,476.15,891.45,Electronics,South
2007,2024-06-13,CUST0091,4116.81,2559.81,4116.81,Clothing,Central
2008,2024-06-13,CUST0006,4405.06,1841.47,4405.06,Books,South
2009,2024-06-13,CUST0043,3250.77,2379.61,3250.77,Books,North
2010,2024-06-13,CUST0070,2474.03,1744.27,2474.03,Food,East
2011,2024-06-13,CUST0059,4466.16,2626.95,4466.16,Electronics,North
2012,2024-06-13,CUST0052,4072.83,1845.16,4072.83,Sports,Central
2013,2024-06-13,CUST0038,2609.75,1841.03,2609.75,Electronics,West
2014,2024-06-13,CUST0051,4321.71,2504.57,4321.71,Electronics,Central
2015,2024-06-13,CUST0079,2213.32,1236.7,2213.32,Clothing,East
2016,2024-06-13,CUST0011,2370.65,1226.82,2370.65,Food,East
2017,2024-06-13,CUST0077,844.99,453.14,844.99,Home,East
2018,2024-06-14,CUST0092,4270.07,2148.59,4270.07,Sports,West
2019,2024-06-14,CUST0051,3530.31,1823.74,3530.31,Sports,Central
2020,2024-06-14,CUST0100,493.68,386.89,493.68,Food,North
2021,2024-06-14,CUST0040,369.45,233.15,369.45,Food,Central
2022,2024-06-14,CUST0053,4298.95,3364.93,4298.95,Sports,South
2023,2024-06-14,CUST0014,4257.44,3144.18,4257.44,Home,West
2024,2024-06-14,CUST0018,4261.35,2427.15,4261.35,Books,East
2025,2024-06-14,CUST0047,2270.0,1798.43,2270.0,Food,East
2026,2024-06-14,CUST0008,710.9,298.0,710.9,Food,North
2027,2024-06-14,CUST0014,791.82,497.84,791.82,Books,South
2028,2024-06-14,CUST0100,107.05,48.4,107.05,Food,East
2029,2024-06-15,CUST0077,57.82,43.28,57.82,Sports,East
2030,2024-06-15,CUST0032,278.98,141.3,278.98,Books,Central
2031,2024-06-15,CUST0091,2277.97,931.36,2277.97,Books,East
2032,2024-06-15,CUST0025,1073.84,710.46,1073.84,Clothing,Central
2033,2024-06-15,CUST0014,2959.07,1492.94,2959.07,Sports,North
2034,2024-06-15,CUST0088,3939.05,2636.83,3939.05,Electronics,East
2035,2024-06-15,CUST0056,2235.66,1739.33,2235.66,Electronics,South
2036,2024-06-15,CUST0008,1940.8,1519.12,1940.8,Home,Central
2037,2024-06-15,CUST0014,4512.35,2292.97,4512.35,Food,Central
2038,2024-06-16,CUST0047,550.39,288.15,550.39,Food,North
2039,2024-06-16,CUST0020,161.62,68.25,161.62,Home,East
2040,2024-06-16,CUST0097,3539.31,1536.34,3539.31,Clothing,Central
2041,2024-06-16,CUST0045,820.46,456.81,820.46,Home,West
2042,2024-06-16,CUST0013,4642.57,3588.03,4642.57,Food,West
2043,2024-06-16,CUST0078,726.84,512.87,726.84,Clothing,West
2044,2024-06-16,CUST0081,477.8,343.87,477.8,Home,Central
2045,2024-06-16,CUST0034,4344.01,2237.25,4344.01,Books,Central
2046,2024-06-16,CUST0003,739.52,302.4,739.52,Books,East
2047,2024-06-16,CUST0074,1581.15,809.95,1581.15,Sports,Central
2048,2024-06-16,CUST0017,3469.72,2480.12,3469.72,Home,West
2049,2024-06-16,CUST0085,4583.92,2361.51,4583.92,Food,South
2050,2024-06-16,CUST0039,2287.84,1699.58,2287.84,Home,West
2051,2024-06-16,CUST0082,1298.4,1015.83,1298.4,Food,West
2052,2024-06-16,CUST0076,1814.56,843.97,1814.56,Sports,Central
2053,2024-06-16,CUST0008,3323.73,1472.8,3323.73,Electronics,East
2054,2024-06-16,CUST0025,3917.71,2632.78,3917.71,Home,East
2055,2024-06-16,CUST0057,2807.39,2007.11,2807.39,Clothing,West
2056,2024-06-17,CUST0034,1462.54,1144.21,1462.54,Books,North
2057,2024-06-17,CUST0030,2949.97,1975.53,2949.97,Food,West
2058,2024-06-17,CUST0046,2592.49,1869.75,2592.49,Books,Central
2059,2024-06-17,CUST0049,523.67,401.04,523.67,Home,South
2060,2024-06-17,CUST0063,3413.78,1457.13,3413.78,Books,East
2061,2024-06-17,CUST0052,1322.11,880.08,1322.11,Electronics,Central
2062,2024-06-17,CUST0043,3435.02,2462.29,3435.02,Home,South
2063,2024-06-17,CUST0092,2464.72,1296.03,2464.72,Electronics,West
2064,2024-06-17,CUST0021,1033.32,529.35,1033.32,Sports,East
2065,2024-06-17,CUST0009,1677.57,1113.45,1677.57,Books,West
2066,2024-06-17,CUST0073,1386.37,980.67,1386.37,Books,North
2067,2024-06-17,CUST0034,4032.98,1835.64,4032.98,Electronics,North
2068,2024-06-17,CUST0083,2589.73,1730.72,2589.73,Books,East
2069,2024-06-17,CUST0045,3697.19,2368.25,3697.19,Food,Central
2070,2024-06-17,CUST0009,2737.06,1674.69,2737.06,Electronics,North
2071,2024-06-17,CUST0031,3294.15,1868.92,3294.15,Clothing,South
2072,2024-06-17,CUST0022,4403.02,2620.18,4403.02,Food,North
2073,2024-06-18,CUST0047,3219.24,2417.64,3219.24,Home,Central
2074,2024-06-18,CUST0062,4966.16,2197.21,4966.16,Sports,West
2075,2024-06-18,CUST0046,3807.19,2301.8,3807.19,Home,Central
2076,2024-06-18,CUST0057,4980.26,2350.68,4980.26,Food,East
2077,2024-06-18,CUST0096,3200.32,2347.9,3200.32,Home,North
2078,2024-06-18,CUST0019,4318.56,2217.08,4318.56,Sports,South
2079,2024-06-18,CUST0035,1146.39,474.51,1146.39,Food,East
2080,2024-06-18,CUST0011,4737.85,2851.95,4737.85,Clothing,East
2081,2024-06-18,CUST0004,1924.28,1091.55,1924.28,Home,North
2082,2024-06-18,CUST0037,2704.15,1567.49,2704.15,Electronics,West
2083,2024-06-18,CUST0044,2068.31,1366.06,2068.31,Food,South
2084,2024-06-18,CUST0034,1177.5,746.0,1177.5,Electronics,Central
2085,2024-06-19,CUST0016,2708.99,1304.15,2708.99,Clothing,Central
2086,2024-06-19,CUST0019,2451.4,1935.41,2451.4,Food,Central
2087,2024-06-19,CUST0010,2514.98,1563.48,2514.98,Food,Central
2088,2024-06-19,CUST0046,928.54,465.09,928.54,Food,West
2089,2024-06-19,CUST0055,1144.34,692.3,1144.34,Clothing,East
2090,2024-06-19,CUST0074,347.36,184.17,347.36,Food,West
2091,2024-06-19,CUST0087,784.59,439.01,784.59,Books,Central
2092,2024-06-19,CUST0015,4050.38,1905.61,4050.38,Electronics,South
2093,2024-06-20,CUST0039,2112.13,1392.76,2112.13,Clothing,North
2094,2024-06-20,CUST0012,2168.7,1438.53,2168.7,Clothing,East
2095,2024-06-20,CUST0090,1501.12,604.01,1501.12,Food,West
2096,2024-06-20,CUST0081,4571.88,2588.93,4571.88,Books,North
2097,2024-06-20,CUST0057,4150.47,2196.39,4150.47,Electronics,West
2098,2024-06-20,CUST0079,2546.88,1776.76,2546.88,Sports,East
2099,2024-06-20,CUST0060,3631.72,2623.51,3631.72,Clothing,South
2100,2024-06-20,CUST0019,4173.01,2908.96,4173.01,Electronics,West
2101,2024-06-20,CUST0089,3472.95,2616.31,3472.95,Books,North
2102,2024-06-20,CUST0097,3429.5,2333.1,3429.5,Sports,West
2103,2024-06-20,CUST0049,4169.35,2707.39,4169.35,Books,South
2104,2024-06-20,CUST0072,1456.32,685.1,1456.32,Clothing,West
2105,2024-06-20,CUST0028,1960.0,1553.95,1960.0,Clothing,North
2106,2024-06-20,CUST0092,647.86,369.57,647.86,Food,South
2107,2024-06-20,CUST0052,3683.66,1518.81,3683.66,Books,East
2108,2024-06-20,CUST0083,2429.58,1877.16,2429.58,Clothing,West
2109,2024-06-21,CUST0028,1024.82,728.56,1024.82,Food,South
2110,2024-06-21,CUST0063,1106.15,612.83,1106.15,Electronics,Central
2111,2024-06-21,CUST0026,4039.76,2025.06,4039.76,Food,Central
2112,2024-06-21,CUST0046,3970.21,1790.06,3970.21,Electronics,North
2113,2024-06-21,CUST0059,4542.7,3355.12,4542.7,Sports,West
2114,2024-06-21,CUST0016,2699.5,1840.84,2699.5,Clothing,Central
2115,2024-06-21,CUST0044,1191.66,845.07,1191.66,Clothing,West
2116,2024-06-21,CUST0029,1631.63,759.4,1631.63,Food,Central
2117,2024-06-21,CUST0099,629.37,298.3,629.37,Clothing,Central
2118,2024-06-22,CUST0052,2570.65,1673.55,2570.65,Books,South
2119,2024-06-22,CUST0058,2526.65,1499.43,2526.65,Home,Central
2120,2024-06-22,CUST0050,3829.9,1927.61,3829.9,Sports,West
2121,2024-06-22,CUST0040,2103.5,1487.48,2103.5,Clothing,West
2122,2024-06-22,CUST0071,3349.74,2150.99,3349.74,Food,West
2123,2024-06-23,CUST0036,1506.75,654.8,1506.75,Food,Central
2124,2024-06-23,CUST0088,3155.22,1642.59,3155.22,Sports,South
2125,2024-06-23,CUST0061,2112.64,1170.76,2112.64,Sports,North
2126,2024-06-23,CUST0056,2937.94,1247.52,2937.94,Food,South
2127,2024-06-23,CUST0077,4720.65,1967.34,4720.65,Home,Central
2128,2024-06-24,CUST0100,1793.9,932.07,1793.9,Sports,Central
2129,2024-06-24,CUST0018,4387.65,1788.48,4387.65,Home,East
2130,2024-06-24,CUST0032,2584.49,2059.57,2584.49,Home,South
2131,2024-06-24,CUST0055,4604.56,2708.03,4604.56,Electronics,North
2132,2024-06-24,CUST0008,4605.35,2654.09,4605.35,Home,East
2133,2024-06-25,CUST0071,2892.75,1876.85,2892.75,Food,South
2134,2024-06-25,CUST0046,4186.05,2987.03,4186.05,Food,Central
2135,2024-06-25,CUST0029,2119.1,1327.03,2119.1,Clothing,East
2136,2024-06-25,CUST0005,3595.95,1760.95,3595.95,Food,South
2137,2024-06-25,CUST0047,606.9,265.79,606.9,Home,North
2138,2024-06-25,CUST0097,4669.46,3620.44,4669.46,Sports,West
2139,2024-06-25,CUST0089,3464.02,2390.0,3464.02,Books,West
2140,2024-06-25,CUST0056,2007.63,943.3,2007.63,Books,West
2141,2024-06-25,CUST0078,743.22,393.04,743.22,Electronics,Central
2142,2024-06-25,CUST0013,4719.62,2577.07,4719.62,Sports,East
2143,2024-06-25,CUST0048,151.53,82.65,151.53,Food,Central
2144,2024-06-25,CUST0026,3162.17,1965.26,3162.17,Clothing,South
2145,2024-06-25,CUST0006,1018.75,418.85,1018.75,Clothing,North
2146,2024-06-25,CUST0013,2594.7,1898.47,2594.7,Food,West
2147,2024-06-25,CUST0037,2659.0,1104.23,2659.0,Electronics,North
2148,2024-06-25,CUST0087,829.63,529.08,829.63,Sports,North
2149,2024-06-25,CUST0012,661.14,523.64,661.14,Home,West
2150,2024-06-25,CUST0038,3649.17,1616.29,3649.17,Clothing,West
2151,2024-06-25,CUST0097,485.63,367.82,485.63,Clothing,West
2152,2024-06-26,CUST0046,4823.7,2150.49,4823.7,Sports,Central
2153,2024-06-26,CUST0095,4326.48,3083.09,4326.48,Home,West
2154,2024-06-26,CUST0062,2806.56,1434.77,2806.56,Home,South
2155,2024-06-26,CUST0068,2845.85,1524.47,2845.85,Clothing,South
2156,2024-06-26,CUST0087,2831.81,1375.42,2831.81,Sports,West
2157,2024-06-26,CUST0053,1000.57,655.71,1000.57,Electronics,North
2158,2024-06-26,CUST0038,3324.55,2116.96,3324.55,Sports,East
2159,2024-06-26,CUST0015,2769.97,1859.67,2769.97,Electronics,Central
2160,2024-06-26,CUST0100,2176.53,1353.21,2176.53,Books,Central
2161,2024-06-26,CUST0073,3236.66,1725.55,3236.66,Electronics,South
2162,2024-06-26,CUST0095,2789.47,1128.5,2789.47,Sports,East
2163,2024-06-26,CUST0017,4715.92,3429.39,4715.92,Food,North
2164,2024-06-26,CUST0004,3229.48,2169.97,3229.48,Books,West
2165,2024-06-26,CUST0040,4761.24,3410.52,4761.24,Home,West
2166,2024-06-26,CUST0079,4663.12,3569.3,4663.12,Books,Central
2167,2024-06-26,CUST0070,3464.02,2566.35,3464.02,Electronics,North
2168,2024-06-26,CUST0069,2041.43,948.53,2041.43,Electronics,North
2169,2024-06-26,CUST0013,465.29,195.85,465.29,Sports,East
2170,2024-06-26,CUST0094,3863.88,2498.88,3863.88,Sports,East
2171,2024-06-27,CUST0092,3435.27,2466.25,3435.27,Books,West
2172,2024-06-27,CUST0098,551.26,412.91,551.26,Books,Central
2173,2024-06-27,CUST0026,255.42,130.93,255.42,Sports,East
2174,2024-06-27,CUST0050,4174.71,2428.46,4174.71,Sports,North
2175,2024-06-27,CUST0065,3526.97,2305.36,3526.97,Sports,Central
2176,2024-06-27,CUST0044,4881.55,2454.11,4881.55,Electronics,East
2177,2024-06-27,CUST0092,2474.65,1502.05,2474.65,Books,South
2178,2024-06-27,CUST0055,2607.84,1897.58,2607.84,Food,South
2179,2024-06-27,CUST0015,4206.84,3360.71,4206.84,Electronics,Central
2180,2024-06-27,CUST0062,4302.7,2114.1,4302.7,Sports,East
2181,2024-06-27,CUST0064,4616.37,3421.04,4616.37,Books,South
2182,2024-06-28,CUST0009,2549.89,1051.06,2549.89,Clothing,North
2183,2024-06-28,CUST0086,3770.81,2146.15,3770.81,Food,South
2184,2024-06-28,CUST0097,3931.73,2773.1,3931.73,Electronics,Central
2185,2024-06-28,CUST0099,1722.95,1012.99,1722.95,Electronics,South
2186,2024-06-28,CUST0005,3681.43,2392.97,3681.43,Books,East
2187,2024-06-28,CUST0018,3080.19,1765.53,3080.19,Home,South
2188,2024-06-28,CUST0089,3525.71,2134.07,3525.71,Books,West
2189,2024-06-28,CUST0022,4558.85,3308.45,4558.85,Books,South
2190,2024-06-28,CUST0099,2903.21,2081.02,2903.21,Clothing,South
2191,2024-06-28,CUST0070,4656.12,3351.81,4656.12,Home,North
2192,2024-06-29,CUST0012,1364.77,930.42,1364.77,Food,North
2193,2024-06-29,CUST0044,3138.25,1961.42,3138.25,Food,East
2194,2024-06-29,CUST0002,4691.93,3494.84,4691.93,Home,North
2195,2024-06-29,CUST0038,4407.23,3456.86,4407.23,Home,East
2196,2024-06-29,CUST0055,2108.14,1350.12,2108.14,Books,North
2197,2024-06-29,CUST0023,1260.85,880.64,1260.85,Sports,West
2198,2024-06-29,CUST0043,1298.78,824.33,1298.78,Clothing,South
2199,2024-06-29,CUST0060,3976.83,2163.21,3976.83,Clothing,South
2200,2024-06-29,CUST0021,2999.94,1237.61,2999.94,Sports,East
2201,2024-06-29,CUST0002,2128.36,1283.97,2128.36,Clothing,North
2202,2024-06-29,CUST0020,967.5,632.49,967.5,Electronics,West
2203,2024-06-29,CUST0042,887.06,399.58,887.06,Home,North
2204,2024-06-29,CUST0073,3314.48,1858.48,3314.48,Sports,South
2205,2024-06-29,CUST0017,4669.89,2490.94,4669.89,Books,East
2206,2024-06-29,CUST0072,4111.28,3048.84,4111.28,Electronics,Central
2207,2024-06-29,CUST0005,1463.85,744.17,1463.85,Books,East
2208,2024-06-29,CUST0037,3128.03,2003.64,3128.03,Clothing,East
2209,2024-06-30,CUST0073,92.42,38.73,92.42,Electronics,South
2210,2024-06-30,CUST0062,3396.9,2312.74,3396.9,Food,Central
2211,2024-06-30,CUST0089,50.26,39.28,50.26,Books,West
2212,2024-06-30,CUST0006,2795.25,2060.86,2795.25,Food,West
2213,2024-06-30,CUST0046,2711.97,1250.81,2711.97,Electronics,South
2214,2024-06-30,CUST0014,4730.87,2730.54,4730.87,Sports,East
2215,2024-06-30,CUST0067,2051.6,953.56,2051.6,Sports,East
2216,2024-06-30,CUST0010,1908.12,947.64,1908.12,Electronics,North
2217,2024-06-30,CUST0032,368.38,206.64,368.38,Food,East
2218,2024-06-30,CUST0044,4558.43,3366.96,4558.43,Sports,South
2219,2024-06-30,CUST0056,2966.87,1818.24,2966.87,Books,East
2220,2024-06-30,CUST0070,4640.46,2603.51,4640.46,Books,East
2221,2024-07-01,CUST0084,645.69,283.72,645.69,Books,East
2222,2024-07-01,CUST0006,3685.71,2015.6,3685.71,Books,East
2223,2024-07-01,CUST0013,1726.28,777.85,1726.28,Sports,East
2224,2024-07-01,CUST0018,2591.81,1181.0,2591.81,Books,Central
2225,2024-07-01,CUST0089,2278.81,1093.27,2278.81,Food,West
2226,2024-07-01,CUST0029,3186.0,1591.13,3186.0,Sports,East
2227,2024-07-01,CUST0027,3799.14,2062.08,3799.14,Electronics,West
2228,2024-07-01,CUST0003,2296.08,1384.01,2296.08,Clothing,North
2229,2024-07-01,CUST0005,271.52,140.8,271.52,Home,South
2230,2024-07-01,CUST0069,1481.43,776.13,1481.43,Sports,Central
2231,2024-07-01,CUST0048,4062.06,3211.47,4062.06,Electronics,West
2232,2024-07-01,CUST0038,444.96,252.37,444.96,Home,North
2233,2024-07-01,CUST0029,4677.25,3444.19,4677.25,Sports,West
2234,2024-07-02,CUST0013,2363.42,1537.63,2363.42,Sports,South
2235,2024-07-02,CUST0057,2889.58,1669.95,2889.58,Home,Central
2236,2024-07-02,CUST0076,138.28,85.24,138.28,Books,North
2237,2024-07-02,CUST0027,1362.36,814.72,1362.36,Food,Central
2238,2024-07-02,CUST0066,938.53,662.83,938.53,Books,North
2239,2024-07-02,CUST0037,2016.35,1023.26,2016.35,Sports,East
2240,2024-07-02,CUST0024,2797.28,2130.62,2797.28,Home,East
2241,2024-07-02,CUST0059,4034.84,2210.91,4034.84,Home,East
2242,2024-07-02,CUST0016,1286.89,831.96,1286.89,Clothing,Central
2243,2024-07-02,CUST0081,2172.19,1027.3,2172.19,Sports,East
2244,2024-07-02,CUST0079,1079.72,577.74,1079.72,Electronics,East
2245,2024-07-02,CUST0005,2674.07,1216.98,2674.07,Home,West
2246,2024-07-02,CUST0043,4881.27,2558.96,4881.27,Books,Central
2247,2024-07-02,CUST0003,4426.83,2606.72,4426.83,Clothing,East
2248,2024-07-02,CUST0057,3040.82,2286.51,3040.82,Home,East
2249,2024-07-02,CUST0055,606.3,326.85,606.3,Electronics,South
2250,2024-07-03,CUST0059,3541.55,2143.65,3541.55,Books,South
2251,2024-07-03,CUST0083,3449.5,2097.41,3449.5,Electronics,Central
2252,2024-07-03,CUST0083,1010.27,519.22,1010.27,Clothing,South
2253,2024-07-03,CUST0096,4037.63,2893.12,4037.63,Books,South
2254,2024-07-03,CUST0008,297.82,223.2,297.82,Clothing,West
2255,2024-07-03,CUST0082,3491.83,1968.62,3491.83,Home,West
2256,2024-07-03,CUST0009,195.91,92.33,195.91,Electronics,South
2257,2024-07-03,CUST0080,282.84,212.6,282.84,Food,Central
2258,2024-07-03,CUST0053,2337.6,1448.51,2337.6,Sports,Central
2259,2024-07-03,CUST0086,3612.49,1581.17,3612.49,Electronics,East
2260,2024-07-03,CUST0023,2721.1,1228.89,2721.1,Food,South
2261,2024-07-03,CUST0063,942.76,694.44,942.76,Electronics,South
2262,2024-07-03,CUST0021,112.35,49.25,112.35,Books,Central
2263,2024-07-03,CUST0054,3003.32,1305.68,3003.32,Electronics,West
2264,2024-07-03,CUST0029,3781.99,1679.8,3781.99,Home,Central
2265,2024-07-03,CUST0006,3011.0,1522.85,3011.0,Home,Central
2266,2024-07-04,CUST0049,2767.96,1752.67,2767.96,Home,North
2267,2024-07-04,CUST0028,3897.07,2003.73,3897.07,Clothing,West
2268,2024-07-04,CUST0043,4151.9,3027.38,4151.9,Electronics,North
2269,2024-07-04,CUST0045,1488.68,772.62,1488.68,Sports,Central
2270,2024-07-04,CUST0054,3497.37,1629.25,3497.37,Sports,South
2271,2024-07-04,CUST0084,3585.37,1533.83,3585.37,Home,West
2272,2024-07-04,CUST0053,4854.34,3332.14,4854.34,Sports,West
2273,2024-07-04,CUST0086,3973.75,3000.28,3973.75,Sports,East
2274,2024-07-04,CUST0010,1807.23,775.33,1807.23,Electronics,Central
2275,2024-07-04,CUST0090,1559.15,1241.2,1559.15,Home,West
2276,2024-07-04,CUST0004,3691.43,2195.69,3691.43,Electronics,North
2277,2024-07-04,CUST0069,3592.04,2473.59,3592.04,Home,Central
2278,2024-07-05,CUST0048,1618.38,1116.74,1618.38,Sports,North
2279,2024-07-05,CUST0080,1074.58,824.5,1074.58,Home,East
2280,2024-07-05,CUST0047,435.3,239.18,435.3,Food,West
2281,2024-07-05,CUST0035,3090.21,2230.29,3090.21,Sports,North
2282,2024-07-05,CUST0053,63.37,36.31,63.37,Books,West
2283,2024-07-05,CUST0006,264.82,142.84,264.82,Books,East
2284,2024-07-05,CUST0002,2880.65,1825.05,2880.65,Food,Central
2285,2024-07-05,CUST0054,3097.28,1356.67,3097.28,Sports,West
2286,2024-07-05,CUST0015,2750.01,2145.08,2750.01,Sports,South
2287,2024-07-05,CUST0044,245.08,155.63,245.08,Food,Central
2288,2024-07-05,CUST0081,752.57,392.76,752.57,Electronics,Central
2289,2024-07-06,CUST0098,1252.69,822.92,1252.69,Electronics,West
2290,2024-07-06,CUST0064,1645.58,1060.01,1645.58,Food,Central
2291,2024-07-06,CUST0044,1848.7,1082.98,1848.7,Books,South
2292,2024-07-06,CUST0087,4944.93,3855.21,4944.93,Clothing,West
2293,2024-07-06,CUST0048,1847.51,1363.24,1847.51,Electronics,East
2294,2024-07-06,CUST0009,3040.37,2031.82,3040.37,Food,Central
2295,2024-07-06,CUST0092,974.33,524.56,974.33,Books,South
2296,2024-07-06,CUST0086,268.26,149.58,268.26,Clothing,South
2297,2024-07-06,CUST0065,4143.17,1819.69,4143.17,Food,East
2298,2024-07-06,CUST0066,3680.14,2410.49,3680.14,Home,Central
2299,2024-07-06,CUST0005,3230.53,1647.74,3230.53,Clothing,Central
2300,2024-07-06,CUST0031,4414.53,3246.79,4414.53,Books,Central
2301,2024-07-06,CUST0090,3323.11,2272.88,3323.11,Electronics,South
2302,2024-07-06,CUST0059,4460.43,2669.43,4460.43,Clothing,North
2303,2024-07-06,CUST0095,556.85,236.44,556.85,Books,South
2304,2024-07-07,CUST0099,830.63,416.07,830.63,Clothing,Central
2305,2024-07-07,CUST0043,2056.75,1100.13,2056.75,Home,Central
2306,2024-07-07,CUST0088,4721.76,3407.6,4721.76,Food,West
2307,2024-07-07,CUST0074,1810.33,1296.92,1810.33,Clothing,South
2308,2024-07-07,CUST0030,2014.6,1017.71,2014.6,Clothing,Central
2309,2024-07-07,CUST0013,1748.42,868.55,1748.42,Books,North
2310,2024-07-08,CUST0034,3873.86,1814.43,3873.86,Home,North
2311,2024-07-08,CUST0051,3880.98,2815.78,3880.98,Books,South
2312,2024-07-08,CUST0045,805.24,598.84,805.24,Home,West
2313,2024-07-08,CUST0034,2274.94,1794.4,2274.94,Electronics,Central
2314,2024-07-08,CUST0024,3455.1,2679.43,3455.1,Books,Central
2315,2024-07-08,CUST0013,1429.84,841.27,1429.84,Home,East
2316,2024-07-08,CUST0048,2835.07,2044.62,2835.07,Sports,North
2317,2024-07-08,CUST0019,285.54,158.24,285.54,Home,South
2318,2024-07-09,CUST0074,1509.58,1155.38,1509.58,Food,Central
2319,2024-07-09,CUST0083,4684.95,1908.69,4684.95,Clothing,East
2320,2024-07-09,CUST0074,2443.79,1467.3,2443.79,Clothing,West
2321,2024-07-09,CUST0035,2563.86,1191.92,2563.86,Electronics,Central
2322,2024-07-09,CUST0023,2969.68,1426.18,2969.68,Electronics,West
2323,2024-07-09,CUST0024,1284.01,629.11,1284.01,Clothing,South
2324,2024-07-09,CUST0067,4515.51,3463.31,4515.51,Clothing,Central
2325,2024-07-09,CUST0003,2031.76,1520.08,2031.76,Electronics,North
2326,2024-07-09,CUST0091,3735.79,1565.32,3735.79,Electronics,West
2327,2024-07-09,CUST0070,1993.86,1258.31,1993.86,Home,East
2328,2024-07-09,CUST0021,1970.36,914.18,1970.36,Books,South
2329,2024-07-09,CUST0071,4742.86,2027.58,4742.86,Books,South
2330,2024-07-09,CUST0004,1662.25,1144.73,1662.25,Electronics,West
2331,2024-07-09,CUST0090,152.19,119.46,152.19,Clothing,East
2332,2024-07-09,CUST0035,99.85,50.92,99.85,Sports,East
2333,2024-07-09,CUST0085,1997.1,1475.1,1997.1,Clothing,East
2334,2024-07-09,CUST0051,4506.16,2745.12,4506.16,Food,North
2335,2024-07-09,CUST0052,4054.72,2888.15,4054.72,Food,East
2336,2024-07-09,CUST0046,1763.23,827.03,1763.23,Books,North
2337,2024-07-10,CUST0018,1794.54,1116.14,1794.54,Sports,North
2338,2024-07-10,CUST0058,3255.97,1851.67,3255.97,Home,South
2339,2024-07-10,CUST0036,2519.31,1224.47,2519.31,Books,North
2340,2024-07-10,CUST0029,3606.38,2553.44,3606.38,Clothing,South
2341,2024-07-10,CUST0069,3906.38,1969.81,3906.38,Clothing,West
2342,2024-07-10,CUST0006,4114.11,1982.15,4114.11,Books,West
2343,2024-07-10,CUST0064,734.97,513.94,734.97,Sports,Central
2344,2024-07-10,CUST0087,3743.96,2403.04,3743.96,Food,Central
2345,2024-07-10,CUST0072,3128.71,1746.27,3128.71,Sports,West
2346,2024-07-10,CUST0080,2314.44,1405.03,2314.44,Clothing,Central
2347,2024-07-10,CUST0004,4658.55,3431.33,4658.55,Clothing,East
2348,2024-07-10,CUST0076,3908.9,2462.93,3908.9,Food,South
2349,2024-07-10,CUST0009,444.3,190.14,444.3,Electronics,Central
2350,2024-07-10,CUST0012,4630.06,2124.08,4630.06,Electronics,South
2351,2024-07-10,CUST0096,1809.26,1317.5,1809.26,Sports,Central
2352,2024-07-10,CUST0034,4930.84,2328.19,4930.84,Electronics,Central
2353,2024-07-10,CUST0031,2135.82,1532.52,2135.82,Clothing,West
2354,2024-07-10,CUST0081,2025.59,1308.86,2025.59,Home,West
2355,2024-07-11,CUST0092,3493.42,2707.94,3493.42,Clothing,West
2356,2024-07-11,CUST0072,3311.39,2181.69,3311.39,Electronics,North
2357,2024-07-11,CUST0096,440.15,310.39,440.15,Clothing,Central
2358,2024-07-11,CUST0060,2466.08,1688.8,2466.08,Electronics,West
2359,2024-07-11,CUST0036,3244.46,1836.02,3244.46,Electronics,North
2360,2024-07-11,CUST0078,1040.04,470.45,1040.04,Electronics,West
2361,2024-07-11,CUST0007,2174.49,1134.92,2174.49,Clothing,Central
2362,2024-07-11,CUST0036,4932.59,3025.83,4932.59,Sports,South
2363,2024-07-11,CUST0037,1296.67,921.83,1296.67,Books,North
2364,2024-07-11,CUST0100,2328.91,1271.04,2328.91,Home,South
2365,2024-07-11,CUST0019,4321.17,2550.21,4321.17,Home,West
2366,2024-07-11,CUST0016,4416.73,2782.31,4416.73,Electronics,South
2367,2024-07-11,CUST0065,2076.26,1574.15,2076.26,Home,South
2368,2024-07-12,CUST0065,638.32,259.15,638.32,Electronics,East
2369,2024-07-12,CUST0063,3946.89,2224.06,3946.89,Books,West
2370,2024-07-12,CUST0055,2063.71,1525.47,2063.71,Food,North
2371,2024-07-12,CUST0086,2543.68,1674.71,2543.68,Clothing,Central
2372,2024-07-12,CUST0079,3692.71,2715.62,3692.71,Sports,Central
2373,2024-07-12,CUST0070,438.71,273.85,438.71,Home,Central
2374,2024-07-12,CUST0006,1864.14,1162.91,1864.14,Books,South
2375,2024-07-12,CUST0014,3480.21,1399.08,3480.21,Home,Central
2376,2024-07-12,CUST0058,1476.22,1044.25,1476.22,Clothing,North
2377,2024-07-12,CUST0066,1353.65,655.09,1353.65,Books,Central
2378,2024-07-13,CUST0033,337.93,185.49,337.93,Clothing,North
2379,2024-07-13,CUST0086,4120.26,2575.44,4120.26,Home,East
2380,2024-07-13,CUST0039,3383.29,2559.5,3383.29,Home,West
2381,2024-07-13,CUST0028,467.14,338.56,467.14,Clothing,West
2382,2024-07-13,CUST0009,546.19,375.29,546.19,Clothing,West
2383,2024-07-13,CUST0009,4317.94,3010.0,4317.94,Sports,East
2384,2024-07-13,CUST0032,2085.7,1610.11,2085.7,Sports,East
2385,2024-07-13,CUST0016,4232.5,1693.41,4232.5,Sports,West
2386,2024-07-13,CUST0080,1881.94,766.58,1881.94,Sports,East
2387,2024-07-13,CUST0078,2384.12,1096.54,2384.12,Sports,West
2388,2024-07-13,CUST0048,1099.54,452.81,1099.54,Home,Central
2389,2024-07-14,CUST0058,3044.46,1965.61,3044.46,Food,East
2390,2024-07-14,CUST0001,2915.74,1921.08,2915.74,Electronics,West
2391,2024-07-14,CUST0082,4124.97,1820.01,4124.97,Books,South
2392,2024-07-14,CUST0039,2390.33,1603.55,2390.33,Home,North
2393,2024-07-14,CUST0024,1034.64,446.86,1034.64,Books,Central
2394,2024-07-15,CUST0068,502.2,286.74,502.2,Sports,South
2395,2024-07-15,CUST0094,2581.61,1487.16,2581.61,Clothing,East
2396,2024-07-15,CUST0092,1966.3,984.18,1966.3,Books,East
2397,2024-07-15,CUST0037,3721.94,2615.34,3721.94,Electronics,West
2398,2024-07-15,CUST0027,4889.49,3494.35,4889.49,Sports,South
2399,2024-07-15,CUST0028,2772.4,1654.33,2772.4,Home,Central
2400,2024-07-15,CUST0046,3018.61,1421.85,3018.61,Home,South
2401,2024-07-15,CUST0002,379.81,300.21,379.81,Electronics,Central
2402,2024-07-15,CUST0034,4222.6,2483.05,4222.6,Home,East
2403,2024-07-15,CUST0092,1801.83,1155.57,1801.83,Sports,North
2404,2024-07-15,CUST0032,4358.48,2716.61,4358.48,Sports,North
2405,2024-07-15,CUST0029,2938.01,2289.14,2938.01,Sports,West
2406,2024-07-16,CUST0050,4295.4,3260.22,4295.4,Electronics,Central
2407,2024-07-16,CUST0096,1288.72,869.6,1288.72,Books,South
2408,2024-07-16,CUST0083,921.96,592.74,921.96,Sports,North
2409,2024-07-16,CUST0068,4699.71,2572.65,4699.71,Electronics,East
2410,2024-07-16,CUST0046,3532.37,2257.76,3532.37,Food,South
2411,2024-07-17,CUST0056,3141.76,1780.54,3141.76,Sports,Central
2412,2024-07-17,CUST0026,549.0,276.74,549.0,Food,West
2413,2024-07-17,CUST0016,90.7,62.99,90.7,Electronics,Central
2414,2024-07-17,CUST0022,4469.34,2956.74,4469.34,Electronics,Central
2415,2024-07-17,CUST0097,4925.11,3699.42,4925.11,Clothing,West
2416,2024-07-17,CUST0084,1080.14,566.51,1080.14,Sports,Central
2417,2024-07-17,CUST0065,543.67,417.96,543.67,Food,South
2418,2024-07-17,CUST0046,3134.65,1842.28,3134.65,Home,East
2419,2024-07-17,CUST0080,175.96,115.63,175.96,Home,West
2420,2024-07-17,CUST0020,3512.75,2059.55,3512.75,Books,South
2421,2024-07-17,CUST0054,1738.03,825.73,1738.03,Clothing,East
2422,2024-07-17,CUST0055,1617.75,814.15,1617.75,Home,South
2423,2024-07-17,CUST0013,1188.31,545.74,1188.31,Sports,West
2424,2024-07-17,CUST0047,3773.17,2269.3,3773.17,Food,Central
2425,2024-07-17,CUST0014,4046.49,2647.36,4046.49,Books,East
2426,2024-07-18,CUST0007,2639.49,1724.15,2639.49,Food,North
2427,2024-07-18,CUST0060,4548.68,1857.99,4548.68,Sports,North
2428,2024-07-18,CUST0081,2112.91,1485.2,2112.91,Books,West
2429,2024-07-18,CUST0052,2459.7,1946.68,2459.7,Electronics,South
2430,2024-07-18,CUST0100,1364.22,710.81,1364.22,Electronics,South
2431,2024-07-18,CUST0013,4861.88,3145.74,4861.88,Electronics,West
2432,2024-07-18,CUST0035,1151.89,581.1,1151.89,Food,South
2433,2024-07-18,CUST0019,879.73,444.4,879.73,Sports,East
2434,2024-07-18,CUST0018,3143.85,1575.15,3143.85,Sports,East
2435,2024-07-18,CUST0027,516.34,362.32,516.34,Clothing,North
2436,2024-07-18,CUST0013,3430.94,2255.53,3430.94,Sports,South
2437,2024-07-19,CUST0064,127.03,83.64,127.03,Clothing,North
2438,2024-07-19,CUST0004,2228.63,1001.37,2228.63,Electronics,West
2439,2024-07-19,CUST0007,3409.31,1452.64,3409.31,Clothing,Central
2440,2024-07-19,CUST0044,2373.05,1826.89,2373.05,Home,Central
2441,2024-07-19,CUST0050,402.22,304.74,402.22,Food,North
2442,2024-07-19,CUST0039,4233.15,2506.46,4233.15,Home,West
2443,2024-07-19,CUST0016,2475.16,1523.48,2475.16,Books,East
2444,2024-07-19,CUST0052,4511.93,3309.8,4511.93,Home,South
2445,2024-07-19,CUST0049,2397.91,1334.84,2397.91,Books,North
2446,2024-07-19,CUST0025,2255.11,1690.14,2255.11,Clothing,East
2447,2024-07-19,CUST0094,1176.08,694.18,1176.08,Food,Central
2448,2024-07-19,CUST0075,2733.58,1847.5,2733.58,Sports,South
2449,2024-07-19,CUST0017,3412.62,2007.3,3412.62,Sports,West
2450,2024-07-19,CUST0064,780.24,342.23,780.24,Electronics,North
2451,2024-07-19,CUST0065,978.67,399.94,978.67,Books,South
2452,2024-07-19,CUST0043,4448.78,2183.29,4448.78,Books,Central
2453,2024-07-19,CUST0023,4929.74,3287.53,4929.74,Food,South
2454,2024-07-19,CUST0051,2630.28,1233.18,2630.28,Clothing,Central
2455,2024-07-20,CUST0088,1065.66,762.39,1065.66,Home,Central
2456,2024-07-20,CUST0047,2550.87,1888.88,2550.87,Clothing,Central
2457,2024-07-20,CUST0084,4883.63,3321.28,4883.63,Electronics,Central
2458,2024-07-20,CUST0003,501.66,336.91,501.66,Home,Central
2459,2024-07-20,CUST0029,1338.97,545.47,1338.97,Clothing,North
2460,2024-07-20,CUST0065,3376.97,2171.02,3376.97,Books,West
2461,2024-07-20,CUST0027,2587.33,1377.08,2587.33,Food,East
2462,2024-07-20,CUST0083,4007.91,2534.0,4007.91,Home,South
2463,2024-07-21,CUST0044,4165.51,2123.7,4165.51,Clothing,Central
2464,2024-07-21,CUST0019,2554.88,1365.75,2554.88,Sports,North
2465,2024-07-21,CUST0037,4836.58,2244.31,4836.58,Food,Central
2466,2024-07-21,CUST0085,4203.29,3247.33,4203.29,Electronics,Central
2467,2024-07-21,CUST0009,3975.39,3056.97,3975.39,Clothing,East
2468,2024-07-21,CUST0013,1104.65,561.63,1104.65,Electronics,Central
2469,2024-07-21,CUST0099,4714.56,3438.02,4714.56,Books,Central
2470,2024-07-21,CUST0062,2019.87,1058.53,2019.87,Sports,West
2471,2024-07-21,CUST0058,3077.3,2189.93,3077.3,Home,North
2472,2024-07-21,CUST0049,4615.04,2732.54,4615.04,Clothing,Central
2473,2024-07-21,CUST0058,1834.29,1049.52,1834.29,Electronics,South
2474,2024-07-21,CUST0089,4153.2,1842.36,4153.2,Home,West
2475,2024-07-22,CUST0031,3355.5,1421.84,3355.5,Sports,East
2476,2024-07-22,CUST0066,1617.15,1084.91,1617.15,Home,East
2477,2024-07-22,CUST0092,3923.43,2423.4,3923.43,Sports,East
2478,2024-07-22,CUST0070,4112.11,1855.3,4112.11,Clothing,South
2479,2024-07-22,CUST0051,3581.64,1437.78,3581.64,Books,Central
2480,2024-07-22,CUST0009,1581.93,1250.62,1581.93,Electronics,Central
2481,2024-07-22,CUST0040,1004.37,558.18,1004.37,Food,South
2482,2024-07-22,CUST0033,2795.73,1208.13,2795.73,Home,Central
2483,2024-07-22,CUST0049,1303.56,1019.71,1303.56,Sports,South
2484,2024-07-22,CUST0065,4870.69,2064.45,4870.69,Electronics,West
2485,2024-07-22,CUST0013,4368.7,2991.8,4368.7,Sports,South
2486,2024-07-22,CUST0025,237.79,109.1,237.79,Clothing,West
2487,2024-07-22,CUST0038,1784.83,1327.06,1784.83,Clothing,North
2488,2024-07-22,CUST0064,753.2,513.62,753.2,Electronics,South
2489,2024-07-22,CUST0072,4373.69,2146.87,4373.69,Sports,South
2490,2024-07-22,CUST0084,2680.24,1287.85,2680.24,Food,North
2491,2024-07-22,CUST0026,2205.75,946.13,2205.75,Sports,West
2492,2024-07-22,CUST0019,3720.51,2380.28,3720.51,Food,North
2493,2024-07-23,CUST0028,1685.39,976.23,1685.39,Sports,West
2494,2024-07-23,CUST0092,3027.67,1945.36,3027.67,Electronics,North
2495,2024-07-23,CUST0043,955.47,432.34,955.47,Food,South
2496,2024-07-23,CUST0012,2589.69,1879.1,2589.69,Clothing,North
2497,2024-07-23,CUST0086,4282.69,2840.56,4282.69,Electronics,East
2498,2024-07-24,CUST0085,145.28,106.07,145.28,Home,Central
2499,2024-07-24,CUST0005,4348.2,3292.87,4348.2,Electronics,Central
2500,2024-07-24,CUST0098,3249.69,2008.78,3249.69,Clothing,East
2501,2024-07-24,CUST0024,2551.39,1681.58,2551.39,Electronics,West
2502,2024-07-24,CUST0034,3062.99,1714.54,3062.99,Food,South
2503,2024-07-24,CUST0082,1382.89,879.84,1382.89,Electronics,West
2504,2024-07-24,CUST0068,4754.2,2039.4,4754.2,Books,West
2505,2024-07-24,CUST0023,2791.51,1544.03,2791.51,Books,East
2506,2024-07-24,CUST0035,2704.68,1379.1,2704.68,Books,South
2507,2024-07-25,CUST0093,1066.09,551.34,1066.09,Books,East
2508,2024-07-25,CUST0005,4201.35,1854.61,4201.35,Books,West
2509,2024-07-25,CUST0078,4452.76,3561.08,4452.76,Food,Central
2510,2024-07-25,CUST0024,4544.06,2477.76,4544.06,Food,South
2511,2024-07-25,CUST0016,2306.93,1240.6,2306.93,Clothing,East
2512,2024-07-25,CUST0008,4272.27,3371.43,4272.27,Sports,East
2513,2024-07-25,CUST0046,1314.28,848.25,1314.28,Electronics,North
2514,2024-07-25,CUST0051,55.06,35.24,55.06,Home,North
2515,2024-07-25,CUST0077,1669.89,861.49,1669.89,Sports,Central
2516,2024-07-25,CUST0063,2928.58,1368.48,2928.58,Home,Central
2517,2024-07-25,CUST0039,2649.99,2092.47,2649.99,Sports,East
2518,2024-07-25,CUST0033,1875.97,1068.52,1875.97,Food,South
2519,2024-07-25,CUST0046,2208.41,1433.83,2208.41,Electronics,East
2520,2024-07-25,CUST0090,1081.39,632.3,1081.39,Electronics,West
2521,2024-07-25,CUST0019,2518.72,1973.23,2518.72,Electronics,East
2522,2024-07-25,CUST0069,1299.05,735.11,1299.05,Sports,North
2523,2024-07-25,CUST0042,4251.33,1717.47,4251.33,Books,South
2524,2024-07-25,CUST0051,2691.35,1228.51,2691.35,Books,North
2525,2024-07-26,CUST0091,3020.7,2067.28,3020.7,Clothing,South
2526,2024-07-26,CUST0059,2971.08,1542.63,2971.08,Sports,North
2527,2024-07-26,CUST0023,1115.34,475.55,1115.34,Books,North
2528,2024-07-26,CUST0055,2187.08,1271.13,2187.08,Home,North
2529,2024-07-26,CUST0073,2802.48,1487.53,2802.48,Electronics,North
2530,2024-07-26,CUST0070,1645.37,1025.27,1645.37,Books,Central
2531,2024-07-26,CUST0006,3544.39,2175.1,3544.39,Food,West
2532,2024-07-26,CUST0082,2189.74,1237.44,2189.74,Food,East
2533,2024-07-27,CUST0085,401.48,303.86,401.48,Sports,Central
2534,2024-07-27,CUST0018,2891.05,2143.41,2891.05,Books,Central
2535,2024-07-27,CUST0017,3004.44,1715.95,3004.44,Electronics,East
2536,2024-07-27,CUST0060,4799.88,3056.8,4799.88,Sports,West
2537,2024-07-27,CUST0084,3081.82,2142.43,3081.82,Electronics,North
2538,2024-07-27,CUST0021,1637.46,1086.48,1637.46,Electronics,East
2539,2024-07-27,CUST0019,838.45,481.4,838.45,Sports,East
2540,2024-07-27,CUST0027,3265.08,1401.44,3265.08,Sports,South
2541,2024-07-27,CUST0050,149.12,93.64,149.12,Books,East
2542,2024-07-27,CUST0086,992.4,770.48,992.4,Home,North
2543,2024-07-27,CUST0079,3540.31,2620.25,3540.31,Home,South
2544,2024-07-27,CUST0098,1749.93,1021.86,1749.93,Books,Central
2545,2024-07-27,CUST0092,1394.15,808.19,1394.15,Sports,West
2546,2024-07-27,CUST0033,680.49,496.41,680.49,Books,North
2547,2024-07-27,CUST0037,98.81,66.32,98.81,Clothing,West
2548,2024-07-27,CUST0094,421.36,319.5,421.36,Sports,West
2549,2024-07-27,CUST0057,3147.94,1774.36,3147.94,Electronics,Central
2550,2024-07-27,CUST0100,3515.93,2176.7,3515.93,Clothing,South
2551,2024-07-28,CUST0009,2840.83,1375.68,2840.83,Sports,North
2552,2024-07-28,CUST0098,4560.72,2560.86,4560.72,Food,Central
2553,2024-07-28,CUST0014,4816.17,1973.03,4816.17,Home,East
2554,2024-07-28,CUST0092,743.32,400.88,743.32,Books,North
2555,2024-07-28,CUST0064,4648.93,3485.39,4648.93,Clothing,North
2556,2024-07-28,CUST0090,2513.0,1011.73,2513.0,Books,South
2557,2024-07-28,CUST0064,1551.68,1064.05,1551.68,Books,South
2558,2024-07-28,CUST0079,2916.62,1886.81,2916.62,Home,Central
2559,2024-07-29,CUST0054,1851.94,1451.5,1851.94,Food,North
2560,2024-07-29,CUST0050,3834.86,1791.5,3834.86,Home,North
2561,2024-07-29,CUST0028,2402.23,1869.05,2402.23,Sports,South
2562,2024-07-29,CUST0089,3453.14,2030.84,3453.14,Clothing,East
2563,2024-07-29,CUST0074,3413.0,2643.96,3413.0,Electronics,West
2564,2024-07-29,CUST0052,1942.7,1503.31,1942.7,Clothing,South
2565,2024-07-30,CUST0010,2845.85,1673.94,2845.85,Electronics,Central
2566,2024-07-30,CUST0027,2586.75,1771.53,2586.75,Electronics,South
2567,2024-07-30,CUST0023,1264.19,861.97,1264.19,Electronics,East
2568,2024-07-30,CUST0071,3652.16,1568.31,3652.16,Food,West
2569,2024-07-30,CUST0039,4381.42,2828.93,4381.42,Sports,North
2570,2024-07-30,CUST0086,123.6,66.89,123.6,Electronics,North
2571,2024-07-30,CUST0008,564.86,313.54,564.86,Electronics,Central
2572,2024-07-30,CUST0060,4003.5,1991.02,4003.5,Clothing,South
2573,2024-07-30,CUST0056,4777.74,2279.97,4777.74,Books,West
2574,2024-07-30,CUST0004,3735.56,1693.48,3735.56,Clothing,West
2575,2024-07-30,CUST0071,2243.23,1046.02,2243.23,Sports,Central
2576,2024-07-30,CUST0099,4172.24,2213.49,4172.24,Electronics,South
2577,2024-07-30,CUST0050,2797.34,1440.31,2797.34,Electronics,South
2578,2024-07-30,CUST0025,1250.76,676.98,1250.76,Books,West
2579,2024-07-30,CUST0078,105.22,52.28,105.22,Clothing,North
2580,2024-07-30,CUST0010,519.61,415.03,519.61,Food,South
2581,2024-07-30,CUST0065,869.43,602.11,869.43,Electronics,West
2582,2024-07-31,CUST0023,1852.56,1372.64,1852.56,Food,South
2583,2024-07-31,CUST0024,1852.8,896.71,1852.8,Food,West
2584,2024-07-31,CUST0062,1162.51,555.76,1162.51,Food,West
2585,2024-07-31,CUST0056,270.16,189.34,270.16,Home,East
2586,2024-07-31,CUST0041,141.36,103.58,141.36,Home,North
2587,2024-07-31,CUST0074,1344.39,926.36,1344.39,Clothing,West
2588,2024-07-31,CUST0030,3274.11,1511.43,3274.11,Clothing,Central
2589,2024-07-31,CUST0085,1452.39,870.64,1452.39,Electronics,Central
2590,2024-07-31,CUST0045,2068.91,1411.02,2068.91,Electronics,East
2591,2024-07-31,CUST0037,1339.56,881.85,1339.56,Electronics,South
2592,2024-07-31,CUST0005,1162.82,930.09,1162.82,Home,West
2593,2024-08-01,CUST0015,1108.97,446.16,1108.97,Home,West
2594,2024-08-01,CUST0095,3981.11,1914.86,3981.11,Clothing,Central
2595,2024-08-01,CUST0025,4589.04,3132.97,4589.04,Sports,South
2596,2024-08-01,CUST0059,3181.34,1568.1,3181.34,Home,South
2597,2024-08-01,CUST0061,1754.97,1254.21,1754.97,Home,East
2598,2024-08-01,CUST0062,3374.75,1614.72,3374.75,Sports,West
2599,2024-08-01,CUST0090,3830.05,1680.55,3830.05,Home,East
2600,2024-08-02,CUST0031,2996.24,1986.97,2996.24,Books,East
2601,2024-08-02,CUST0066,1893.38,1345.36,1893.38,Books,Central
2602,2024-08-02,CUST0035,1640.14,889.86,1640.14,Sports,Central
2603,2024-08-02,CUST0099,3542.82,2235.29,3542.82,Home,Central
2604,2024-08-02,CUST0098,1048.41,599.59,1048.41,Books,South
2605,2024-08-02,CUST0009,2069.56,916.2,2069.56,Clothing,North
2606,2024-08-02,CUST0041,176.88,136.18,176.88,Sports,Central
2607,2024-08-02,CUST0015,4847.74,2326.23,4847.74,Food,Central
2608,2024-08-02,CUST0014,1314.37,792.14,1314.37,Electronics,Central
2609,2024-08-02,CUST0001,3871.22,1607.99,3871.22,Clothing,North
2610,2024-08-02,CUST0020,1493.31,674.26,1493.31,Clothing,South
2611,2024-08-02,CUST0050,4692.24,1977.55,4692.24,Home,North
2612,2024-08-02,CUST0005,4293.77,1896.94,4293.77,Home,East
2613,2024-08-02,CUST0036,567.96,400.64,567.96,Food,South
2614,2024-08-03,CUST0017,1730.67,767.13,1730.67,Clothing,West
2615,2024-08-03,CUST0018,4093.0,1958.56,4093.0,Home,South
2616,2024-08-03,CUST0081,375.92,243.92,375.92,Books,South
2617,2024-08-03,CUST0083,4555.6,2376.4,4555.6,Home,West
2618,2024-08-03,CUST0018,2055.26,1612.96,2055.26,Home,East
2619,2024-08-03,CUST0088,1967.09,1259.1,1967.09,Food,West
2620,2024-08-03,CUST0097,3791.79,2494.76,3791.79,Clothing,Central
2621,2024-08-03,CUST0030,445.47,330.63,445.47,Clothing,East
2622,2024-08-03,CUST0033,1835.9,1183.94,1835.9,Electronics,North
2623,2024-08-03,CUST0071,2498.36,1131.24,2498.36,Electronics,East
2624,2024-08-03,CUST0087,2596.2,1649.89,2596.2,Books,West
2625,2024-08-03,CUST0041,2499.05,1299.48,2499.05,Books,Central
2626,2024-08-04,CUST0013,810.41,382.52,810.41,Sports,West
2627,2024-08-04,CUST0082,1052.19,795.5,1052.19,Food,West
2628,2024-08-04,CUST0050,2701.29,1145.59,2701.29,Books,South
2629,2024-08-04,CUST0077,2994.83,1587.05,2994.83,Books,North
2630,2024-08-04,CUST0097,578.23,444.83,578.23,Sports,East
2631,2024-08-04,CUST0055,4371.1,3258.43,4371.1,Food,East
2632,2024-08-04,CUST0002,2133.17,1680.31,2133.17,Home,West
2633,2024-08-04,CUST0045,4298.63,2546.06,4298.63,Clothing,Central
2634,2024-08-04,CUST0075,3325.29,1743.84,3325.29,Electronics,South
2635,2024-08-05,CUST0015,4137.5,2236.98,4137.5,Food,East
2636,2024-08-05,CUST0096,1782.85,898.95,1782.85,Electronics,West
2637,2024-08-05,CUST0092,450.19,337.63,450.19,Electronics,East
2638,2024-08-05,CUST0034,855.14,481.52,855.14,Books,South
2639,2024-08-05,CUST0020,1609.53,980.96,1609.53,Clothing,East
2640,2024-08-05,CUST0058,4462.7,2081.19,4462.7,Clothing,West
2641,2024-08-05,CUST0022,1013.37,563.72,1013.37,Food,East
2642,2024-08-06,CUST0052,3358.39,2337.64,3358.39,Books,West
2643,2024-08-06,CUST0009,3536.21,1772.08,3536.21,Home,West
2644,2024-08-06,CUST0040,1816.6,944.55,1816.6,Books,East
2645,2024-08-06,CUST0070,2878.25,1443.42,2878.25,Home,East
2646,2024-08-06,CUST0100,3092.48,2287.47,3092.48,Electronics,North
2647,2024-08-07,CUST0015,1829.25,1409.77,1829.25,Home,East
2648,2024-08-07,CUST0057,4459.19,2832.67,4459.19,Books,North
2649,2024-08-07,CUST0031,2976.65,1565.46,2976.65,Food,South
2650,2024-08-07,CUST0003,3225.38,2421.51,3225.38,Clothing,North
2651,2024-08-07,CUST0086,505.88,251.05,505.88,Clothing,North
2652,2024-08-07,CUST0029,1305.66,979.24,1305.66,Clothing,Central
2653,2024-08-07,CUST0095,4767.43,3247.16,4767.43,Books,West
2654,2024-08-07,CUST0053,404.81,276.28,404.81,Clothing,West
2655,2024-08-07,CUST0070,789.45,463.94,789.45,Food,West
2656,2024-08-07,CUST0026,1400.94,561.75,1400.94,Books,West
2657,2024-08-07,CUST0086,4003.92,3115.35,4003.92,Sports,West
2658,2024-08-08,CUST0042,391.49,308.25,391.49,Books,Central
2659,2024-08-08,CUST0041,3576.35,1957.51,3576.35,Electronics,West
2660,2024-08-08,CUST0032,2477.27,1756.63,2477.27,Electronics,South
2661,2024-08-08,CUST0005,3759.76,2315.03,3759.76,Clothing,South
2662,2024-08-08,CUST0023,1764.5,1128.84,1764.5,Home,South
2663,2024-08-08,CUST0081,3602.35,2528.82,3602.35,Books,Central
2664,2024-08-08,CUST0025,4074.87,1684.39,4074.87,Home,Central
2665,2024-08-08,CUST0032,1538.99,753.78,1538.99,Home,West
2666,2024-08-09,CUST0014,1872.9,783.28,1872.9,Books,South
2667,2024-08-09,CUST0030,2070.7,1055.1,2070.7,Home,East
2668,2024-08-09,CUST0079,352.8,163.12,352.8,Sports,North
2669,2024-08-09,CUST0003,1935.38,1114.76,1935.38,Clothing,East
2670,2024-08-09,CUST0007,2279.43,1501.39,2279.43,Electronics,West
2671,2024-08-09,CUST0067,248.06,132.2,248.06,Food,West
2672,2024-08-09,CUST0051,2963.2,1198.37,2963.2,Books,West
2673,2024-08-09,CUST0031,277.92,150.41,277.92,Sports,East
2674,2024-08-09,CUST0003,565.18,404.52,565.18,Books,South
2675,2024-08-09,CUST0010,4493.93,2731.31,4493.93,Electronics,West
2676,2024-08-09,CUST0044,4767.73,2714.6,4767.73,Home,West
2677,2024-08-09,CUST0100,2046.14,1584.16,2046.14,Home,West
2678,2024-08-09,CUST0021,1886.77,1233.37,1886.77,Food,Central
2679,2024-08-09,CUST0058,4185.9,2342.67,4185.9,Sports,North
2680,2024-08-09,CUST0003,3889.49,2004.1,3889.49,Clothing,West
2681,2024-08-09,CUST0090,2262.58,1136.71,2262.58,Clothing,South
2682,2024-08-10,CUST0078,4712.77,2292.65,4712.77,Home,North
2683,2024-08-10,CUST0022,2372.95,1278.32,2372.95,Electronics,Central
2684,2024-08-10,CUST0047,852.01,592.84,852.01,Clothing,East
2685,2024-08-10,CUST0011,4168.6,2184.08,4168.6,Home,South
2686,2024-08-10,CUST0048,3330.48,2227.56,3330.48,Sports,West
2687,2024-08-10,CUST0086,108.93,65.29,108.93,Sports,North
2688,2024-08-10,CUST0058,1083.29,643.83,1083.29,Electronics,West
2689,2024-08-10,CUST0095,3482.66,2703.1,3482.66,Food,Central
2690,2024-08-10,CUST0031,914.76,484.97,914.76,Electronics,West
2691,2024-08-10,CUST0008,3988.12,2526.61,3988.12,Food,South
2692,2024-08-11,CUST0062,3444.23,2403.27,3444.23,Books,West
2693,2024-08-11,CUST0070,3127.07,1411.22,3127.07,Books,Central
2694,2024-08-11,CUST0047,1669.1,993.49,1669.1,Clothing,West
2695,2024-08-11,CUST0001,3123.78,2273.46,3123.78,Sports,South
2696,2024-08-11,CUST0091,4513.18,3457.95,4513.18,Electronics,Central
2697,2024-08-11,CUST0053,172.81,95.65,172.81,Books,West
2698,2024-08-11,CUST0064,240.25,122.53,240.25,Home,East
2699,2024-08-11,CUST0050,331.66,139.63,331.66,Sports,East
2700,2024-08-11,CUST0090,374.86,210.14,374.86,Sports,West
2701,2024-08-11,CUST0045,2096.81,1194.0,2096.81,Food,Central
2702,2024-08-12,CUST0049,2228.71,1601.08,2228.71,Electronics,Central
2703,2024-08-12,CUST0095,3157.28,1498.75,3157.28,Food,South
2704,2024-08-12,CUST0062,3371.25,1374.55,3371.25,Home,North
2705,2024-08-12,CUST0091,896.5,511.32,896.5,Home,Central
2706,2024-08-12,CUST0091,1620.99,1272.65,1620.99,Sports,North
2707,2024-08-12,CUST0081,4856.33,3852.2,4856.33,Sports,Central
2708,2024-08-12,CUST0008,173.14,95.35,173.14,Home,East
2709,2024-08-12,CUST0059,4114.31,2544.06,4114.31,Sports,West
2710,2024-08-12,CUST0078,4479.81,3000.04,4479.81,Home,Central
2711,2024-08-12,CUST0027,495.34,309.76,495.34,Home,Central
2712,2024-08-12,CUST0099,1444.18,926.73,1444.18,Sports,South
2713,2024-08-13,CUST0096,779.45,528.23,779.45,Sports,Central
2714,2024-08-13,CUST0039,4404.62,2113.74,4404.62,Books,South
2715,2024-08-13,CUST0022,284.62,183.61,284.62,Home,Central
2716,2024-08-13,CUST0082,2401.71,1175.82,2401.71,Home,North
2717,2024-08-13,CUST0054,4179.68,2188.13,4179.68,Electronics,South
2718,2024-08-13,CUST0002,2192.61,1050.41,2192.61,Clothing,East
2719,2024-08-13,CUST0049,164.38,69.11,164.38,Books,Central
2720,2024-08-13,CUST0016,4022.14,2794.07,4022.14,Clothing,East
2721,2024-08-13,CUST0052,4726.94,3364.84,4726.94,Home,East
2722,2024-08-13,CUST0031,4738.08,3037.89,4738.08,Home,Central
2723,2024-08-13,CUST0055,144.53,98.68,144.53,Food,East
2724,2024-08-13,CUST0038,3842.3,1641.97,3842.3,Food,North
2725,2024-08-13,CUST0061,744.41,561.75,744.41,Electronics,North
2726,2024-08-13,CUST0034,2539.33,1486.13,2539.33,Food,South
2727,2024-08-13,CUST0010,4302.95,2415.72,4302.95,Books,West
2728,2024-08-13,CUST0027,4013.88,2397.87,4013.88,Food,West
2729,2024-08-13,CUST0054,767.25,361.32,767.25,Home,North
2730,2024-08-13,CUST0079,967.08,759.87,967.08,Food,East
2731,2024-08-14,CUST0091,143.42,64.67,143.42,Sports,South
2732,2024-08-14,CUST0022,3857.47,2204.71,3857.47,Food,East
2733,2024-08-14,CUST0048,3658.62,2077.61,3658.62,Electronics,Central
2734,2024-08-14,CUST0080,738.34,360.01,738.34,Sports,South
2735,2024-08-14,CUST0012,4001.19,2293.6,4001.19,Books,North
2736,2024-08-14,CUST0012,994.23,748.85,994.23,Books,South
2737,2024-08-14,CUST0017,1036.78,591.15,1036.78,Clothing,South
2738,2024-08-14,CUST0001,141.81,97.83,141.81,Home,West
2739,2024-08-14,CUST0031,3010.8,1729.7,3010.8,Clothing,East
2740,2024-08-14,CUST0022,3088.78,1620.56,3088.78,Books,South
2741,2024-08-14,CUST0040,3455.52,1828.41,3455.52,Electronics,South
2742,2024-08-14,CUST0015,4182.27,1762.16,4182.27,Home,South
2743,2024-08-15,CUST0041,2469.1,1866.6,2469.1,Books,South
2744,2024-08-15,CUST0024,642.17,363.91,642.17,Sports,North
2745,2024-08-15,CUST0027,3393.51,1476.67,3393.51,Electronics,East
2746,2024-08-15,CUST0003,2993.02,1545.43,2993.02,Home,South
2747,2024-08-15,CUST0006,1321.23,764.34,1321.23,Clothing,Central
2748,2024-08-15,CUST0068,1856.98,817.23,1856.98,Food,West
2749,2024-08-15,CUST0084,1881.14,1090.3,1881.14,Electronics,Central
2750,2024-08-15,CUST0064,2348.79,1707.57,2348.79,Clothing,West
2751,2024-08-15,CUST0086,4508.59,1981.75,4508.59,Food,Central
2752,2024-08-16,CUST0088,4800.89,3136.07,4800.89,Food,Central
2753,2024-08-16,CUST0079,2116.5,1488.38,2116.5,Home,South
2754,2024-08-16,CUST0039,912.68,592.1,912.68,Electronics,Central
2755,2024-08-16,CUST0064,2182.27,1438.65,2182.27,Books,West
2756,2024-08-16,CUST0095,1570.39,1196.69,1570.39,Electronics,West
2757,2024-08-16,CUST0032,2805.76,1480.61,2805.76,Electronics,West
2758,2024-08-17,CUST0077,4660.48,3138.06,4660.48,Clothing,East
2759,2024-08-17,CUST0041,340.02,165.32,340.02,Books,Central
2760,2024-08-17,CUST0081,1153.72,649.38,1153.72,Books,Central
2761,2024-08-17,CUST0092,4153.04,2663.62,4153.04,Sports,Central
2762,2024-08-17,CUST0099,2904.97,1354.34,2904.97,Clothing,West
2763,2024-08-17,CUST0084,1285.92,809.4,1285.92,Home,South
2764,2024-08-17,CUST0050,4704.56,2434.47,4704.56,Home,East
2765,2024-08-17,CUST0051,2752.82,1703.48,2752.82,Electronics,South
2766,2024-08-17,CUST0001,1390.13,1111.74,1390.13,Electronics,East
2767,2024-08-17,CUST0047,1653.33,1001.31,1653.33,Sports,South
2768,2024-08-17,CUST0039,4422.67,2052.82,4422.67,Food,South
2769,2024-08-17,CUST0029,4659.1,2537.25,4659.1,Books,West
2770,2024-08-17,CUST0029,1921.85,1386.76,1921.85,Home,North
2771,2024-08-17,CUST0016,2045.99,1398.41,2045.99,Clothing,South
2772,2024-08-18,CUST0043,1871.12,1000.43,1871.12,Electronics,North
2773,2024-08-18,CUST0008,4858.44,2106.0,4858.44,Home,South
2774,2024-08-18,CUST0004,1783.02,873.23,1783.02,Books,South
2775,2024-08-18,CUST0055,2756.6,1922.55,2756.6,Clothing,North
2776,2024-08-18,CUST0012,651.48,471.69,651.48,Electronics,West
2777,2024-08-19,CUST0068,3083.36,1286.38,3083.36,Sports,South
2778,2024-08-19,CUST0039,4768.23,2251.16,4768.23,Electronics,Central
2779,2024-08-19,CUST0009,2345.98,1652.56,2345.98,Home,South
2780,2024-08-19,CUST0096,1721.4,1026.19,1721.4,Home,North
2781,2024-08-19,CUST0095,1720.09,772.56,1720.09,Sports,West
2782,2024-08-19,CUST0001,599.23,322.08,599.23,Books,Central
2783,2024-08-20,CUST0083,1416.57,818.01,1416.57,Books,East
2784,2024-08-20,CUST0029,4526.45,2041.96,4526.45,Clothing,West
2785,2024-08-20,CUST0058,1562.54,934.73,1562.54,Sports,South
2786,2024-08-20,CUST0035,4477.97,3072.07,4477.97,Clothing,West
2787,2024-08-20,CUST0091,1708.79,1273.43,1708.79,Home,Central
2788,2024-08-20,CUST0069,4503.81,2407.12,4503.81,Books,West
2789,2024-08-20,CUST0030,1365.71,628.82,1365.71,Sports,Central
2790,2024-08-20,CUST0034,1955.95,1436.82,1955.95,Food,Central
2791,2024-08-20,CUST0086,4461.75,2919.55,4461.75,Food,Central
2792,2024-08-20,CUST0042,4200.14,3117.36,4200.14,Home,North
2793,2024-08-20,CUST0039,1843.03,897.53,1843.03,Sports,South
2794,2024-08-20,CUST0033,3512.82,1817.33,3512.82,Electronics,West
2795,2024-08-20,CUST0046,3966.35,2541.4,3966.35,Home,South
2796,2024-08-20,CUST0036,3814.76,2266.83,3814.76,Books,South
2797,2024-08-20,CUST0075,1443.79,622.33,1443.79,Sports,North
2798,2024-08-20,CUST0038,161.34,119.81,161.34,Books,Central
2799,2024-08-20,CUST0008,4188.12,1880.82,4188.12,Sports,East
2800,2024-08-20,CUST0074,4438.6,1818.37,4438.6,Books,North
2801,2024-08-21,CUST0083,1466.62,734.57,1466.62,Sports,Central
2802,2024-08-21,CUST0068,416.12,195.57,416.12,Home,South
2803,2024-08-21,CUST0027,319.11,149.16,319.11,Home,North
2804,2024-08-21,CUST0021,1529.08,1136.63,1529.08,Books,East
2805,2024-08-21,CUST0026,4573.29,2224.04,4573.29,Sports,East
2806,2024-08-21,CUST0003,3494.22,2727.05,3494.22,Home,North
2807,2024-08-21,CUST0057,4426.53,3095.29,4426.53,Electronics,South
2808,2024-08-21,CUST0059,2109.45,989.17,2109.45,Electronics,East
2809,2024-08-21,CUST0066,2693.8,1312.71,2693.8,Clothing,South
2810,2024-08-21,CUST0021,1031.86,721.72,1031.86,Home,East
2811,2024-08-21,CUST0025,2346.13,993.63,2346.13,Electronics,West
2812,2024-08-21,CUST0037,3683.32,1728.54,3683.32,Books,South
2813,2024-08-21,CUST0029,4431.34,1852.19,4431.34,Food,West
2814,2024-08-21,CUST0085,939.48,740.38,939.48,Books,East
2815,2024-08-21,CUST0087,2502.77,1107.85,2502.77,Sports,South
2816,2024-08-21,CUST0056,1941.47,1238.2,1941.47,Electronics,South
2817,2024-08-22,CUST0014,4288.52,1916.91,4288.52,Clothing,East
2818,2024-08-22,CUST0055,1070.42,600.62,1070.42,Clothing,South
2819,2024-08-22,CUST0076,2617.14,1850.92,2617.14,Clothing,South
2820,2024-08-22,CUST0074,4330.06,2586.68,4330.06,Books,South
2821,2024-08-22,CUST0027,4870.98,2325.18,4870.98,Food,South
2822,2024-08-22,CUST0084,1359.14,614.31,1359.14,Home,Central
2823,2024-08-23,CUST0077,4525.63,3267.96,4525.63,Clothing,West
2824,2024-08-23,CUST0063,3239.76,2221.25,3239.76,Food,West
2825,2024-08-23,CUST0083,2218.09,1160.03,2218.09,Books,North
2826,2024-08-23,CUST0015,239.62,111.4,239.62,Clothing,North
2827,2024-08-23,CUST0004,2690.02,1999.22,2690.02,Home,North
2828,2024-08-23,CUST0080,2936.35,2273.76,2936.35,Clothing,South
2829,2024-08-23,CUST0043,2570.76,1742.23,2570.76,Food,North
2830,2024-08-23,CUST0027,3188.55,1603.19,3188.55,Books,North
2831,2024-08-23,CUST0042,2595.89,1867.48,2595.89,Sports,South
2832,2024-08-24,CUST0005,4934.64,2577.87,4934.64,Books,Central
2833,2024-08-24,CUST0062,4296.89,2884.18,4296.89,Home,North
2834,2024-08-24,CUST0057,4877.71,3325.44,4877.71,Home,West
2835,2024-08-24,CUST0064,4357.02,2751.78,4357.02,Sports,West
2836,2024-08-24,CUST0100,2144.03,1583.39,2144.03,Sports,East
2837,2024-08-24,CUST0044,955.32,561.83,955.32,Food,South
2838,2024-08-24,CUST0017,3382.15,2701.93,3382.15,Electronics,West
2839,2024-08-25,CUST0093,1425.21,950.45,1425.21,Books,Central
2840,2024-08-25,CUST0100,3643.55,1532.83,3643.55,Food,West
2841,2024-08-25,CUST0046,4836.41,2515.3,4836.41,Books,West
2842,2024-08-25,CUST0040,1240.65,752.1,1240.65,Electronics,Central
2843,2024-08-25,CUST0061,3877.88,2436.02,3877.88,Books,East
2844,2024-08-25,CUST0085,2209.94,1582.24,2209.94,Home,Central
2845,2024-08-25,CUST0022,696.59,346.13,696.59,Clothing,South
2846,2024-08-25,CUST0074,2335.94,1867.9,2335.94,Sports,South
2847,2024-08-25,CUST0046,4360.1,2849.81,4360.1,Clothing,Central
2848,2024-08-25,CUST0032,904.65,366.31,904.65,Electronics,North
2849,2024-08-25,CUST0084,4911.1,2088.27,4911.1,Food,North
2850,2024-08-25,CUST0032,4868.96,2508.37,4868.96,Home,South
2851,2024-08-25,CUST0024,4516.61,3234.34,4516.61,Sports,West
2852,2024-08-25,CUST0089,3974.92,2024.05,3974.92,Home,North
2853,2024-08-25,CUST0013,123.41,89.3,123.41,Electronics,East
2854,2024-08-25,CUST0098,452.33,184.7,452.33,Home,South
2855,2024-08-25,CUST0058,4935.22,2759.86,4935.22,Books,North
2856,2024-08-25,CUST0097,1243.27,574.18,1243.27,Electronics,South
2857,2024-08-26,CUST0004,642.85,437.13,642.85,Home,West
2858,2024-08-26,CUST0087,50.78,34.9,50.78,Electronics,North
2859,2024-08-26,CUST0034,4795.84,2766.17,4795.84,Food,Central
2860,2024-08-26,CUST0025,1782.69,1029.73,1782.69,Electronics,North
2861,2024-08-26,CUST0068,1241.98,725.58,1241.98,Books,East
2862,2024-08-27,CUST0010,4098.49,2773.66,4098.49,Home,Central
2863,2024-08-27,CUST0019,524.98,294.41,524.98,Food,East
2864,2024-08-27,CUST0030,3910.81,2311.88,3910.81,Sports,West
2865,2024-08-27,CUST0048,4290.03,2954.74,4290.03,Sports,South
2866,2024-08-27,CUST0048,695.13,309.97,695.13,Books,South
2867,2024-08-27,CUST0053,3685.2,2485.67,3685.2,Electronics,West
2868,2024-08-27,CUST0049,556.88,386.99,556.88,Sports,South
2869,2024-08-27,CUST0024,3464.71,2169.69,3464.71,Home,East
2870,2024-08-27,CUST0042,968.74,694.48,968.74,Home,South
2871,2024-08-27,CUST0032,2447.5,1067.93,2447.5,Food,North
2872,2024-08-27,CUST0020,1343.37,941.1,1343.37,Electronics,East
2873,2024-08-27,CUST0086,1398.61,866.67,1398.61,Clothing,Central
2874,2024-08-27,CUST0053,147.67,66.01,147.67,Clothing,East
2875,2024-08-27,CUST0052,4239.43,2846.29,4239.43,Home,South
2876,2024-08-27,CUST0027,275.05,127.38,275.05,Electronics,West
2877,2024-08-27,CUST0044,4495.68,3224.43,4495.68,Books,North
2878,2024-08-28,CUST0066,3771.4,1651.86,3771.4,Electronics,West
2879,2024-08-28,CUST0066,4215.62,2413.16,4215.62,Sports,North
2880,2024-08-28,CUST0073,4589.26,2694.57,4589.26,Books,Central
2881,2024-08-28,CUST0027,799.24,352.72,799.24,Sports,Central
2882,2024-08-28,CUST0003,2174.03,1711.23,2174.03,Home,North
2883,2024-08-28,CUST0005,3884.87,3025.21,3884.87,Food,Central
2884,2024-08-28,CUST0007,4196.81,2866.76,4196.81,Sports,South
2885,2024-08-28,CUST0084,4696.01,2473.76,4696.01,Food,Central
2886,2024-08-28,CUST0040,3613.95,1568.41,3613.95,Electronics,North
2887,2024-08-29,CUST0095,4526.67,2762.8,4526.67,Food,Central
2888,2024-08-29,CUST0079,4801.18,2552.57,4801.18,Clothing,South
2889,2024-08-29,CUST0009,4377.2,2212.14,4377.2,Food,Central
2890,2024-08-29,CUST0040,914.0,391.49,914.0,Clothing,Central
2891,2024-08-29,CUST0003,4872.5,2805.57,4872.5,Sports,West
2892,2024-08-29,CUST0086,179.97,99.11,179.97,Food,South
2893,2024-08-29,CUST0001,2536.87,1358.42,2536.87,Books,Central
2894,2024-08-29,CUST0012,4390.4,2710.71,4390.4,Food,South
2895,2024-08-29,CUST0039,1024.11,672.87,1024.11,Food,East
2896,2024-08-29,CUST0043,169.46,109.16,169.46,Books,North
2897,2024-08-29,CUST0063,4917.05,3556.91,4917.05,Clothing,East
2898,2024-08-29,CUST0073,3269.31,2297.66,3269.31,Sports,East
2899,2024-08-29,CUST0027,2051.65,1006.38,2051.65,Sports,South
2900,2024-08-29,CUST0099,1101.45,532.37,1101.45,Electronics,East
2901,2024-08-29,CUST0012,4656.28,2660.31,4656.28,Food,South
2902,2024-08-29,CUST0006,2829.55,1852.74,2829.55,Clothing,Central
2903,2024-08-29,CUST0051,2104.64,967.37,2104.64,Electronics,East
2904,2024-08-29,CUST0062,4606.34,3176.5,4606.34,Clothing,North
2905,2024-08-29,CUST0081,3372.01,1392.47,3372.01,Electronics,South
2906,2024-08-30,CUST0083,417.94,215.47,417.94,Electronics,Central
2907,2024-08-30,CUST0045,2230.58,1117.57,2230.58,Electronics,East
2908,2024-08-30,CUST0082,728.45,538.78,728.45,Home,East
2909,2024-08-30,CUST0017,1759.11,942.81,1759.11,Books,South
2910,2024-08-30,CUST0060,3314.03,1864.95,3314.03,Clothing,North
2911,2024-08-30,CUST0079,608.7,348.48,608.7,Books,South
2912,2024-08-30,CUST0085,3806.71,1975.05,3806.71,Clothing,North
2913,2024-08-30,CUST0100,4773.07,3385.59,4773.07,Sports,North
2914,2024-08-30,CUST0072,1220.54,656.86,1220.54,Food,South
2915,2024-08-30,CUST0075,3955.31,2784.53,3955.31,Sports,Central
2916,2024-08-30,CUST0088,2995.09,2364.85,2995.09,Clothing,East
2917,2024-08-30,CUST0083,1170.9,739.66,1170.9,Home,South
2918,2024-08-31,CUST0008,1399.03,713.04,1399.03,Electronics,East
2919,2024-08-31,CUST0028,4186.92,2059.57,4186.92,Clothing,Central
2920,2024-08-31,CUST0005,557.79,413.27,557.79,Clothing,South
2921,2024-08-31,CUST0021,2288.3,1624.28,2288.3,Electronics,East
2922,2024-08-31,CUST0049,3260.06,1340.88,3260.06,Electronics,North
2923,2024-08-31,CUST0021,1295.74,740.93,1295.74,Sports,East
2924,2024-08-31,CUST0066,1115.4,590.73,1115.4,Clothing,South
2925,2024-08-31,CUST0007,2939.47,1649.67,2939.47,Food,West
2926,2024-08-31,CUST0016,4025.32,2595.61,4025.32,Sports,Central
2927,2024-08-31,CUST0050,2260.67,1154.5,2260.67,Sports,North
2928,2024-09-01,CUST0090,958.64,546.29,958.64,Electronics,West
2929,2024-09-01,CUST0053,4240.94,2576.04,4240.94,Clothing,Central
2930,2024-09-01,CUST0029,409.78,280.96,409.78,Electronics,West
2931,2024-09-01,CUST0057,342.07,260.81,342.07,Clothing,North
2932,2024-09-01,CUST0004,313.98,246.84,313.98,Sports,Central
2933,2024-09-01,CUST0090,850.0,439.56,850.0,Food,North
2934,2024-09-01,CUST0081,919.34,609.94,919.34,Home,North
2935,2024-09-01,CUST0031,2927.63,1583.06,2927.63,Sports,South
2936,2024-09-01,CUST0073,4958.41,3933.44,4958.41,Clothing,Central
2937,2024-09-01,CUST0090,682.33,274.29,682.33,Electronics,North
2938,2024-09-01,CUST0070,1688.27,789.41,1688.27,Clothing,North
2939,2024-09-01,CUST0008,2452.0,1750.51,2452.0,Books,North
2940,2024-09-01,CUST0041,1322.18,978.52,1322.18,Books,Central
2941,2024-09-01,CUST0054,4887.08,2172.43,4887.08,Electronics,Central
2942,2024-09-02,CUST0038,4844.64,3433.51,4844.64,Home,North
2943,2024-09-02,CUST0007,3823.31,1589.2,3823.31,Books,North
2944,2024-09-02,CUST0056,710.31,534.13,710.31,Sports,North
2945,2024-09-02,CUST0063,567.31,274.45,567.31,Electronics,East
2946,2024-09-02,CUST0030,3903.84,2773.5,3903.84,Electronics,West
2947,2024-09-02,CUST0012,2690.87,1962.67,2690.87,Electronics,Central
2948,2024-09-02,CUST0052,1248.34,717.43,1248.34,Home,West
2949,2024-09-02,CUST0047,389.11,181.89,389.11,Clothing,North
2950,2024-09-02,CUST0090,640.29,492.77,640.29,Electronics,Central
2951,2024-09-02,CUST0006,4805.66,2000.86,4805.66,Sports,North
2952,2024-09-02,CUST0087,4086.98,2644.99,4086.98,Food,South
2953,2024-09-02,CUST0092,4949.84,2403.49,4949.84,Books,West
2954,2024-09-02,CUST0030,3009.53,2142.99,3009.53,Sports,East
2955,2024-09-02,CUST0096,4445.11,2496.72,4445.11,Clothing,South
2956,2024-09-02,CUST0017,1319.27,998.02,1319.27,Food,South
2957,2024-09-03,CUST0024,523.56,289.62,523.56,Food,East
2958,2024-09-03,CUST0027,2369.26,1885.16,2369.26,Books,North
2959,2024-09-03,CUST0008,2143.21,1431.22,2143.21,Sports,South
2960,2024-09-03,CUST0016,4405.0,3272.39,4405.0,Home,East
2961,2024-09-03,CUST0023,2027.01,1184.12,2027.01,Clothing,North
2962,2024-09-03,CUST0022,4832.18,3643.67,4832.18,Books,East
2963,2024-09-03,CUST0053,607.41,464.56,607.41,Home,North
2964,2024-09-04,CUST0097,686.5,299.7,686.5,Food,West
2965,2024-09-04,CUST0098,4162.64,2345.76,4162.64,Food,Central
2966,2024-09-04,CUST0083,3315.67,1755.42,3315.67,Electronics,North
2967,2024-09-04,CUST0033,4330.33,1848.3,4330.33,Food,West
2968,2024-09-04,CUST0011,78.03,32.83,78.03,Electronics,East
2969,2024-09-04,CUST0071,1300.76,690.55,1300.76,Books,South
2970,2024-09-04,CUST0008,4065.22,2884.09,4065.22,Clothing,East
2971,2024-09-04,CUST0009,1719.78,1123.43,1719.78,Books,South
2972,2024-09-05,CUST0063,4067.16,2311.11,4067.16,Food,Central
2973,2024-09-05,CUST0068,4254.92,3321.33,4254.92,Electronics,North
2974,2024-09-05,CUST0035,3767.1,1603.16,3767.1,Sports,North
2975,2024-09-05,CUST0034,3143.34,1275.85,3143.34,Clothing,North
2976,2024-09-05,CUST0088,2528.74,1506.68,2528.74,Electronics,West
2977,2024-09-05,CUST0020,3790.76,2200.67,3790.76,Electronics,South
2978,2024-09-05,CUST0074,4805.65,2152.85,4805.65,Books,North
2979,2024-09-05,CUST0081,4146.03,2255.64,4146.03,Home,South
2980,2024-09-05,CUST0065,2714.09,1664.14,2714.09,Food,South
2981,2024-09-05,CUST0019,2725.62,1297.16,2725.62,Food,South
2982,2024-09-05,CUST0069,1125.42,887.32,1125.42,Books,West
2983,2024-09-05,CUST0063,2848.25,1447.02,2848.25,Books,South
2984,2024-09-06,CUST0097,550.57,244.94,550.57,Electronics,South
2985,2024-09-06,CUST0005,1865.0,1475.51,1865.0,Electronics,Central
2986,2024-09-06,CUST0010,1362.2,855.77,1362.2,Home,West
2987,2024-09-06,CUST0011,2988.35,1514.91,2988.35,Clothing,Central
2988,2024-09-06,CUST0047,4438.33,2773.57,4438.33,Books,West
2989,2024-09-07,CUST0066,4897.78,2554.49,4897.78,Books,South
2990,2024-09-07,CUST0031,2579.49,1190.36,2579.49,Electronics,South
2991,2024-09-07,CUST0056,2904.53,2121.78,2904.53,Clothing,West
2992,2024-09-07,CUST0022,4390.45,3129.02,4390.45,Books,Central
2993,2024-09-07,CUST0036,3966.46,2474.69,3966.46,Sports,North
2994,2024-09-07,CUST0003,2369.47,1350.47,2369.47,Home,East
2995,2024-09-07,CUST0086,3823.04,3043.31,3823.04,Food,South
2996,2024-09-07,CUST0036,1127.45,512.62,1127.45,Books,West
2997,2024-09-07,CUST0061,2296.97,1113.72,2296.97,Home,South
2998,2024-09-07,CUST0065,3404.91,2105.66,3404.91,Electronics,East
2999,2024-09-07,CUST0015,1902.96,968.29,1902.96,Clothing,South
3000,2024-09-07,CUST0016,1137.76,484.58,1137.76,Food,South
3001,2024-09-08,CUST0002,4208.04,2662.48,4208.04,Food,West
3002,2024-09-08,CUST0056,3513.55,1537.48,3513.55,Books,South
3003,2024-09-08,CUST0014,1530.69,995.95,1530.69,Books,West
3004,2024-09-08,CUST0076,3604.0,1889.95,3604.0,Home,South
3005,2024-09-08,CUST0043,1910.01,1514.62,1910.01,Home,Central
3006,2024-09-08,CUST0030,446.46,250.59,446.46,Home,North
3007,2024-09-08,CUST0011,1520.12,827.2,1520.12,Sports,Central
3008,2024-09-09,CUST0097,4368.45,2854.0,4368.45,Sports,Central
3009,2024-09-09,CUST0005,4218.94,2781.41,4218.94,Books,Central
3010,2024-09-09,CUST0094,2978.76,1206.59,2978.76,Home,North
3011,2024-09-09,CUST0074,999.84,661.21,999.84,Food,Central
3012,2024-09-09,CUST0045,2011.29,960.09,2011.29,Books,West
3013,2024-09-09,CUST0032,4451.67,2965.66,4451.67,Sports,South
3014,2024-09-10,CUST0013,4006.49,2093.6,4006.49,Books,West
3015,2024-09-10,CUST0061,715.56,369.06,715.56,Books,South
3016,2024-09-10,CUST0011,2678.47,1803.1,2678.47,Food,East
3017,2024-09-10,CUST0053,3904.08,1950.02,3904.08,Electronics,East
3018,2024-09-10,CUST0030,3932.21,2621.79,3932.21,Clothing,Central
3019,2024-09-10,CUST0014,4508.05,2039.2,4508.05,Electronics,East
3020,2024-09-10,CUST0019,4066.47,1805.06,4066.47,Home,North
3021,2024-09-10,CUST0019,1878.14,825.39,1878.14,Clothing,Central
3022,2024-09-10,CUST0092,843.71,366.33,843.71,Books,East
3023,2024-09-11,CUST0003,1354.69,654.87,1354.69,Home,East
3024,2024-09-11,CUST0031,1206.77,719.06,1206.77,Home,South
3025,2024-09-11,CUST0007,3146.5,1881.88,3146.5,Sports,West
3026,2024-09-11,CUST0003,3265.15,1916.97,3265.15,Sports,West
3027,2024-09-11,CUST0051,1972.71,1436.67,1972.71,Electronics,North
3028,2024-09-11,CUST0052,4482.82,3346.4,4482.82,Food,East
3029,2024-09-11,CUST0086,912.2,401.55,912.2,Electronics,West
3030,2024-09-12,CUST0065,4932.5,3002.95,4932.5,Books,Central
3031,2024-09-12,CUST0026,820.6,535.17,820.6,Electronics,West
3032,2024-09-12,CUST0036,3628.7,2060.6,3628.7,Sports,North
3033,2024-09-12,CUST0037,2421.17,1548.86,2421.17,Sports,East
3034,2024-09-12,CUST0013,2476.09,1019.02,2476.09,Books,West
3035,2024-09-12,CUST0074,523.46,243.9,523.46,Electronics,Central
3036,2024-09-12,CUST0073,1457.38,999.58,1457.38,Clothing,South
3037,2024-09-12,CUST0061,3407.84,2404.56,3407.84,Sports,North
3038,2024-09-12,CUST0050,1242.75,837.15,1242.75,Clothing,Central
3039,2024-09-12,CUST0032,3482.31,2670.3,3482.31,Books,North
3040,2024-09-12,CUST0052,286.03,121.41,286.03,Clothing,East
3041,2024-09-12,CUST0095,4232.45,3257.66,4232.45,Clothing,West
3042,2024-09-12,CUST0039,2036.67,1400.31,2036.67,Home,East
3043,2024-09-12,CUST0061,2256.96,1215.67,2256.96,Food,North
3044,2024-09-13,CUST0053,1640.21,723.67,1640.21,Clothing,North
3045,2024-09-13,CUST0012,305.73,163.49,305.73,Food,Central
3046,2024-09-13,CUST0035,876.85,428.88,876.85,Home,North
3047,2024-09-13,CUST0022,4610.92,3024.06,4610.92,Food,West
3048,2024-09-13,CUST0009,3596.62,1766.1,3596.62,Clothing,West
3049,2024-09-13,CUST0084,3094.61,1424.5,3094.61,Clothing,West
3050,2024-09-13,CUST0075,727.98,433.36,727.98,Clothing,North
3051,2024-09-13,CUST0043,3622.07,1652.94,3622.07,Clothing,East
3052,2024-09-13,CUST0046,3996.43,2329.09,3996.43,Sports,South
3053,2024-09-13,CUST0081,2211.24,966.24,2211.24,Food,East
3054,2024-09-13,CUST0090,329.07,200.74,329.07,Books,North
3055,2024-09-13,CUST0057,3084.42,1446.53,3084.42,Food,Central
3056,2024-09-13,CUST0060,4066.69,2974.44,4066.69,Clothing,South
3057,2024-09-13,CUST0087,1129.48,628.59,1129.48,Clothing,North
3058,2024-09-13,CUST0066,1330.27,781.17,1330.27,Home,East
3059,2024-09-13,CUST0007,463.19,186.32,463.19,Sports,Central
3060,2024-09-13,CUST0042,3826.03,2092.19,3826.03,Sports,West
3061,2024-09-14,CUST0097,597.99,433.39,597.99,Books,East
3062,2024-09-14,CUST0017,319.33,211.61,319.33,Home,West
3063,2024-09-14,CUST0098,3365.68,2244.72,3365.68,Electronics,Central
3064,2024-09-14,CUST0069,3664.47,1903.54,3664.47,Home,West
3065,2024-09-14,CUST0052,1419.28,1121.06,1419.28,Electronics,North
3066,2024-09-15,CUST0059,1827.86,1255.89,1827.86,Food,Central
3067,2024-09-15,CUST0093,4111.78,2208.72,4111.78,Clothing,South
3068,2024-09-15,CUST0023,932.46,717.78,932.46,Home,South
3069,2024-09-15,CUST0023,647.4,421.54,647.4,Books,Central
3070,2024-09-15,CUST0051,2736.37,1969.1,2736.37,Sports,East
3071,2024-09-15,CUST0006,2301.79,1251.46,2301.79,Home,North
3072,2024-09-15,CUST0007,854.18,546.9,854.18,Electronics,Central
3073,2024-09-15,CUST0043,4764.48,3475.78,4764.48,Food,West
3074,2024-09-15,CUST0017,2203.17,1373.65,2203.17,Home,Central
3075,2024-09-15,CUST0088,3837.09,1778.19,3837.09,Home,East
3076,2024-09-15,CUST0045,2432.49,1553.54,2432.49,Clothing,West
3077,2024-09-15,CUST0036,324.68,130.2,324.68,Home,West
3078,2024-09-15,CUST0096,2163.48,1309.07,2163.48,Electronics,West
3079,2024-09-15,CUST0058,4280.01,3422.31,4280.01,Sports,South
3080,2024-09-15,CUST0058,3976.2,2545.49,3976.2,Books,Central
3081,2024-09-15,CUST0044,436.35,283.69,436.35,Books,East
3082,2024-09-15,CUST0027,1105.41,746.42,1105.41,Food,Central
3083,2024-09-15,CUST0015,1390.08,1030.88,1390.08,Food,North
3084,2024-09-15,CUST0072,4857.31,3470.64,4857.31,Electronics,Central
3085,2024-09-16,CUST0012,811.56,479.95,811.56,Sports,North
3086,2024-09-16,CUST0003,4021.97,2687.32,4021.97,Food,East
3087,2024-09-16,CUST0018,630.5,417.06,630.5,Sports,Central
3088,2024-09-16,CUST0091,4801.22,2919.32,4801.22,Books,Central
3089,2024-09-16,CUST0031,3663.06,2243.65,3663.06,Food,East
3090,2024-09-17,CUST0092,2806.28,1314.79,2806.28,Books,East
3091,2024-09-17,CUST0076,2203.31,1430.62,2203.31,Electronics,South
3092,2024-09-17,CUST0098,1066.02,748.41,1066.02,Sports,North
3093,2024-09-17,CUST0017,3983.91,3127.75,3983.91,Clothing,South
3094,2024-09-17,CUST0062,447.03,313.11,447.03,Food,North
3095,2024-09-17,CUST0055,3316.63,2013.39,3316.63,Books,West
3096,2024-09-17,CUST0065,2155.41,1229.01,2155.41,Books,East
3097,2024-09-17,CUST0037,4442.09,1796.32,4442.09,Sports,South
3098,2024-09-17,CUST0005,4246.56,3166.01,4246.56,Electronics,South
3099,2024-09-17,CUST0086,4074.95,2911.65,4074.95,Books,North
3100,2024-09-17,CUST0010,2892.43,1495.27,2892.43,Electronics,South
3101,2024-09-17,CUST0019,2524.12,1400.95,2524.12,Food,Central
3102,2024-09-17,CUST0078,4360.91,2116.72,4360.91,Home,South
3103,2024-09-18,CUST0019,2171.39,1179.82,2171.39,Books,East
3104,2024-09-18,CUST0046,1658.71,1038.35,1658.71,Books,South
3105,2024-09-18,CUST0056,415.66,213.8,415.66,Food,Central
3106,2024-09-18,CUST0092,330.24,154.54,330.24,Electronics,West
3107,2024-09-18,CUST0015,140.83,98.9,140.83,Books,North
3108,2024-09-18,CUST0077,4155.98,2818.59,4155.98,Food,Central
3109,2024-09-18,CUST0021,2249.69,1664.25,2249.69,Books,West
3110,2024-09-18,CUST0079,2246.5,1006.94,2246.5,Electronics,South
3111,2024-09-18,CUST0079,2870.11,1760.8,2870.11,Home,Central
3112,2024-09-18,CUST0087,1037.34,440.15,1037.34,Sports,East
3113,2024-09-18,CUST0049,4856.48,3658.65,4856.48,Electronics,North
3114,2024-09-18,CUST0092,4634.76,3364.85,4634.76,Home,Central
3115,2024-09-18,CUST0021,3614.39,1678.31,3614.39,Electronics,West
3116,2024-09-18,CUST0034,883.62,610.71,883.62,Food,West
3117,2024-09-18,CUST0025,373.09,215.45,373.09,Sports,West
3118,2024-09-18,CUST0052,4503.89,2014.42,4503.89,Books,East
3119,2024-09-18,CUST0014,4548.03,2762.3,4548.03,Food,North
3120,2024-09-18,CUST0024,1948.37,1512.12,1948.37,Clothing,West
3121,2024-09-19,CUST0080,1863.96,777.8,1863.96,Clothing,East
3122,2024-09-19,CUST0062,4740.88,2595.49,4740.88,Clothing,East
3123,2024-09-19,CUST0008,4829.85,2242.86,4829.85,Electronics,Central
3124,2024-09-19,CUST0021,4240.89,2399.89,4240.89,Electronics,North
3125,2024-09-19,CUST0086,3829.58,3002.71,3829.58,Books,Central
3126,2024-09-19,CUST0020,2931.5,2189.1,2931.5,Clothing,East
3127,2024-09-19,CUST0064,67.38,28.03,67.38,Clothing,South
3128,2024-09-19,CUST0001,607.14,407.94,607.14,Sports,North
3129,2024-09-20,CUST0052,259.69,173.88,259.69,Clothing,North
3130,2024-09-20,CUST0009,2758.87,1703.09,2758.87,Sports,Central
3131,2024-09-20,CUST0089,4563.37,2144.49,4563.37,Clothing,South
3132,2024-09-20,CUST0061,3310.69,1523.63,3310.69,Food,East
3133,2024-09-20,CUST0060,2917.14,1216.18,2917.14,Food,West
3134,2024-09-20,CUST0026,2908.18,1649.31,2908.18,Home,West
3135,2024-09-20,CUST0021,3551.94,2805.56,3551.94,Clothing,East
3136,2024-09-20,CUST0021,1938.8,1168.47,1938.8,Electronics,North
3137,2024-09-20,CUST0050,4418.94,3436.94,4418.94,Books,Central
3138,2024-09-20,CUST0067,3145.72,2286.27,3145.72,Sports,West
3139,2024-09-20,CUST0090,1814.01,864.4,1814.01,Books,Central
3140,2024-09-20,CUST0093,70.3,37.76,70.3,Books,North
3141,2024-09-20,CUST0020,1408.19,705.79,1408.19,Home,East
3142,2024-09-21,CUST0002,4058.5,1831.22,4058.5,Electronics,Central
3143,2024-09-21,CUST0067,319.89,170.15,319.89,Home,West
3144,2024-09-21,CUST0053,2171.81,1584.73,2171.81,Electronics,Central
3145,2024-09-21,CUST0035,3193.01,1771.76,3193.01,Food,Central
3146,2024-09-21,CUST0093,909.51,444.94,909.51,Clothing,East
3147,2024-09-21,CUST0010,484.46,286.66,484.46,Home,West
3148,2024-09-21,CUST0040,1688.0,1041.46,1688.0,Food,South
3149,2024-09-21,CUST0047,3477.06,2658.46,3477.06,Electronics,West
3150,2024-09-21,CUST0023,898.99,562.71,898.99,Books,Central
3151,2024-09-21,CUST0094,3357.88,1588.25,3357.88,Clothing,South
3152,2024-09-21,CUST0068,1352.95,925.56,1352.95,Sports,Central
3153,2024-09-21,CUST0072,4052.61,2003.34,4052.61,Home,North
3154,2024-09-21,CUST0027,1737.04,1358.14,1737.04,Books,South
3155,2024-09-21,CUST0087,4724.44,3043.96,4724.44,Electronics,East
3156,2024-09-21,CUST0095,273.89,109.76,273.89,Sports,South
3157,2024-09-21,CUST0006,555.75,326.83,555.75,Sports,West
3158,2024-09-22,CUST0056,744.32,457.8,744.32,Food,South
3159,2024-09-22,CUST0026,2744.04,1980.41,2744.04,Clothing,South
3160,2024-09-22,CUST0094,2830.08,1916.31,2830.08,Food,Central
3161,2024-09-22,CUST0029,1967.3,1449.26,1967.3,Sports,Central
3162,2024-09-22,CUST0069,3152.55,1958.94,3152.55,Books,North
3163,2024-09-22,CUST0005,602.44,286.07,602.44,Home,North
3164,2024-09-22,CUST0047,4679.05,3658.85,4679.05,Sports,East
3165,2024-09-22,CUST0044,1563.33,853.81,1563.33,Home,North
3166,2024-09-22,CUST0098,4257.38,3399.08,4257.38,Electronics,East
3167,2024-09-22,CUST0038,3725.88,2021.5,3725.88,Electronics,South
3168,2024-09-22,CUST0030,1196.92,738.2,1196.92,Food,Central
3169,2024-09-22,CUST0009,473.17,230.27,473.17,Electronics,West
3170,2024-09-22,CUST0052,439.61,261.37,439.61,Electronics,East
3171,2024-09-22,CUST0016,4706.19,3316.06,4706.19,Books,Central
3172,2024-09-22,CUST0010,4910.49,3503.96,4910.49,Electronics,West
3173,2024-09-22,CUST0056,1971.08,1007.31,1971.08,Food,South
3174,2024-09-22,CUST0006,591.68,300.68,591.68,Home,South
3175,2024-09-22,CUST0091,771.13,532.53,771.13,Clothing,South
3176,2024-09-22,CUST0029,4665.85,2308.53,4665.85,Books,South
3177,2024-09-23,CUST0083,4813.28,2377.62,4813.28,Sports,North
3178,2024-09-23,CUST0054,2023.24,1083.79,2023.24,Home,North
3179,2024-09-23,CUST0008,1399.52,843.99,1399.52,Food,South
3180,2024-09-23,CUST0092,1096.78,555.3,1096.78,Sports,South
3181,2024-09-23,CUST0008,231.02,109.63,231.02,Sports,East
3182,2024-09-23,CUST0068,1013.44,480.04,1013.44,Sports,East
3183,2024-09-23,CUST0010,3439.74,1632.88,3439.74,Books,West
3184,2024-09-23,CUST0047,3227.27,2542.28,3227.27,Clothing,East
3185,2024-09-23,CUST0036,1619.52,997.3,1619.52,Books,Central
3186,2024-09-23,CUST0077,4512.28,2119.77,4512.28,Electronics,South
3187,2024-09-23,CUST0014,2264.09,1621.24,2264.09,Home,East
3188,2024-09-23,CUST0051,3750.09,2166.99,3750.09,Food,South
3189,2024-09-23,CUST0072,359.0,237.28,359.0,Electronics,South
3190,2024-09-23,CUST0056,509.58,309.17,509.58,Sports,North
3191,2024-09-23,CUST0046,4185.04,2704.86,4185.04,Books,West
3192,2024-09-23,CUST0062,927.11,543.02,927.11,Books,Central
3193,2024-09-24,CUST0085,3410.29,2383.74,3410.29,Books,North
3194,2024-09-24,CUST0002,2525.46,1114.54,2525.46,Electronics,North
3195,2024-09-24,CUST0042,4443.57,2784.14,4443.57,Electronics,East
3196,2024-09-24,CUST0100,2878.49,1666.51,2878.49,Clothing,East
3197,2024-09-24,CUST0099,2878.62,1434.13,2878.62,Clothing,Central
3198,2024-09-24,CUST0017,1590.66,960.69,1590.66,Electronics,Central
3199,2024-09-24,CUST0093,4472.97,3469.05,4472.97,Electronics,South
3200,2024-09-24,CUST0073,1565.44,781.28,1565.44,Sports,North
3201,2024-09-24,CUST0067,4058.86,3221.4,4058.86,Home,East
3202,2024-09-24,CUST0100,1511.65,724.2,1511.65,Clothing,South
3203,2024-09-24,CUST0052,1341.13,1002.0,1341.13,Electronics,North
3204,2024-09-24,CUST0018,3397.38,1672.56,3397.38,Food,South
3205,2024-09-24,CUST0028,1324.19,731.71,1324.19,Clothing,South
3206,2024-09-24,CUST0024,209.2,158.65,209.2,Home,South
3207,2024-09-24,CUST0093,4071.39,2404.54,4071.39,Clothing,West
3208,2024-09-24,CUST0049,3940.04,2452.08,3940.04,Clothing,North
3209,2024-09-24,CUST0093,4501.73,3547.23,4501.73,Food,Central
3210,2024-09-25,CUST0074,464.85,215.82,464.85,Sports,East
3211,2024-09-25,CUST0052,2257.53,1181.69,2257.53,Books,South
3212,2024-09-25,CUST0034,3153.24,1480.51,3153.24,Sports,North
3213,2024-09-25,CUST0009,4693.24,3236.46,4693.24,Clothing,North
3214,2024-09-25,CUST0010,2431.28,1017.1,2431.28,Books,West
3215,2024-09-26,CUST0098,3450.04,2013.85,3450.04,Electronics,West
3216,2024-09-26,CUST0026,1804.99,1408.96,1804.99,Sports,West
3217,2024-09-26,CUST0006,234.02,106.79,234.02,Home,South
3218,2024-09-26,CUST0069,3645.12,2203.19,3645.12,Clothing,North
3219,2024-09-26,CUST0076,3785.68,2927.8,3785.68,Home,South
3220,2024-09-26,CUST0010,1420.06,973.98,1420.06,Home,West
3221,2024-09-26,CUST0057,3883.27,1960.98,3883.27,Clothing,North
3222,2024-09-26,CUST0085,4518.99,2306.39,4518.99,Sports,North
3223,2024-09-27,CUST0030,1708.49,1215.45,1708.49,Sports,North
3224,2024-09-27,CUST0005,1999.97,1383.59,1999.97,Food,North
3225,2024-09-27,CUST0085,3786.91,1858.81,3786.91,Clothing,South
3226,2024-09-27,CUST0028,4008.72,2641.88,4008.72,Books,East
3227,2024-09-27,CUST0070,901.25,512.16,901.25,Food,West
3228,2024-09-27,CUST0035,1495.63,954.1,1495.63,Home,East
3229,2024-09-27,CUST0024,3682.66,1947.23,3682.66,Electronics,South
3230,2024-09-27,CUST0089,2673.0,1971.01,2673.0,Clothing,West
3231,2024-09-27,CUST0031,2659.26,1559.0,2659.26,Books,North
3232,2024-09-27,CUST0025,1702.52,1001.93,1702.52,Books,West
3233,2024-09-27,CUST0072,2882.73,1374.61,2882.73,Food,South
3234,2024-09-27,CUST0065,4332.49,2737.51,4332.49,Books,East
3235,2024-09-27,CUST0071,1224.71,704.25,1224.71,Sports,Central
3236,2024-09-27,CUST0007,3324.74,2245.64,3324.74,Electronics,West
3237,2024-09-27,CUST0082,1910.63,1473.27,1910.63,Home,East
3238,2024-09-27,CUST0068,1168.63,774.3,1168.63,Clothing,Central
3239,2024-09-27,CUST0060,3350.84,2587.04,3350.84,Sports,West
3240,2024-09-28,CUST0045,2500.01,1945.75,2500.01,Books,Central
3241,2024-09-28,CUST0027,1072.73,647.43,1072.73,Clothing,East
3242,2024-09-28,CUST0068,4832.96,3815.72,4832.96,Food,South
3243,2024-09-28,CUST0073,689.46,512.25,689.46,Books,East
3244,2024-09-28,CUST0019,4164.12,2135.43,4164.12,Books,Central
3245,2024-09-28,CUST0042,2140.52,968.51,2140.52,Home,Central
3246,2024-09-28,CUST0021,4330.78,2408.65,4330.78,Sports,South
3247,2024-09-28,CUST0080,271.32,137.61,271.32,Clothing,East
3248,2024-09-28,CUST0052,4451.27,2170.77,4451.27,Home,North
3249,2024-09-28,CUST0056,4303.83,1896.39,4303.83,Home,North
3250,2024-09-29,CUST0027,4065.88,1978.36,4065.88,Home,West
3251,2024-09-29,CUST0074,3806.98,1661.21,3806.98,Books,North
3252,2024-09-29,CUST0026,1814.27,1161.91,1814.27,Books,East
3253,2024-09-29,CUST0007,4079.57,3188.42,4079.57,Books,East
3254,2024-09-29,CUST0027,2009.76,1381.39,2009.76,Food,East
3255,2024-09-29,CUST0076,3285.13,2175.5,3285.13,Food,East
3256,2024-09-29,CUST0052,4976.1,2787.45,4976.1,Home,South
3257,2024-09-29,CUST0002,3880.93,3061.0,3880.93,Electronics,West
3258,2024-09-29,CUST0075,4723.66,2210.13,4723.66,Food,West
3259,2024-09-29,CUST0095,4116.88,3248.35,4116.88,Electronics,North
3260,2024-09-29,CUST0099,571.3,384.69,571.3,Books,Central
3261,2024-09-29,CUST0038,308.32,239.16,308.32,Electronics,North
3262,2024-09-29,CUST0033,4549.1,2181.66,4549.1,Home,Central
3263,2024-09-29,CUST0041,3434.47,1687.59,3434.47,Food,Central
3264,2024-09-29,CUST0012,3743.64,2980.19,3743.64,Books,Central
3265,2024-09-29,CUST0049,3746.27,1663.13,3746.27,Home,West
3266,2024-09-30,CUST0064,216.12,128.2,216.12,Books,South
3267,2024-09-30,CUST0090,2296.97,1293.59,2296.97,Books,North
3268,2024-09-30,CUST0048,645.9,295.45,645.9,Books,West
3269,2024-09-30,CUST0090,2907.69,1983.07,2907.69,Home,Central
3270,2024-09-30,CUST0070,3386.41,1496.01,3386.41,Food,West
3271,2024-09-30,CUST0002,3237.51,2088.66,3237.51,Books,East
3272,2024-09-30,CUST0028,2622.73,1764.36,2622.73,Home,South
3273,2024-09-30,CUST0088,1456.68,927.25,1456.68,Books,Central
3274,2024-10-01,CUST0027,2000.96,961.9,2000.96,Food,North
3275,2024-10-01,CUST0042,942.22,382.77,942.22,Clothing,East
3276,2024-10-01,CUST0073,2715.62,1362.61,2715.62,Home,Central
3277,2024-10-01,CUST0007,4314.74,2009.01,4314.74,Electronics,East
3278,2024-10-01,CUST0086,4634.01,3333.16,4634.01,Sports,South
3279,2024-10-01,CUST0009,1897.65,1433.65,1897.65,Food,South
3280,2024-10-01,CUST0034,2435.02,1653.35,2435.02,Food,South
3281,2024-10-01,CUST0088,1541.25,792.18,1541.25,Home,South
3282,2024-10-01,CUST0062,4322.5,2504.5,4322.5,Sports,South
3283,2024-10-01,CUST0049,2389.44,1429.78,2389.44,Home,Central
3284,2024-10-01,CUST0069,689.23,536.49,689.23,Books,North
3285,2024-10-01,CUST0040,2179.5,1378.57,2179.5,Clothing,North
3286,2024-10-01,CUST0059,2496.66,1934.35,2496.66,Sports,West
3287,2024-10-01,CUST0059,1589.67,833.94,1589.67,Sports,East
3288,2024-10-01,CUST0082,3945.93,2074.48,3945.93,Clothing,North
3289,2024-10-01,CUST0054,3753.15,1834.03,3753.15,Books,West
3290,2024-10-02,CUST0016,4773.06,3800.25,4773.06,Sports,North
3291,2024-10-02,CUST0051,1734.11,914.32,1734.11,Sports,East
3292,2024-10-02,CUST0068,1071.14,486.71,1071.14,Food,South
3293,2024-10-02,CUST0095,3301.2,2357.37,3301.2,Home,Central
3294,2024-10-02,CUST0042,3286.33,1439.32,3286.33,Sports,West
3295,2024-10-02,CUST0028,2274.93,1693.02,2274.93,Food,South
3296,2024-10-02,CUST0001,2907.54,1949.67,2907.54,Food,South
3297,2024-10-02,CUST0060,772.0,603.66,772.0,Electronics,East
3298,2024-10-02,CUST0033,960.54,562.73,960.54,Home,North
3299,2024-10-03,CUST0006,4889.73,3502.21,4889.73,Home,Central
3300,2024-10-03,CUST0004,3554.42,1974.41,3554.42,Clothing,South
3301,2024-10-03,CUST0050,1320.85,655.28,1320.85,Home,North
3302,2024-10-03,CUST0017,581.4,394.71,581.4,Clothing,East
3303,2024-10-03,CUST0054,4977.83,2018.36,4977.83,Clothing,South
3304,2024-10-03,CUST0087,3854.26,2200.95,3854.26,Electronics,Central
3305,2024-10-04,CUST0010,3720.96,2520.47,3720.96,Books,North
3306,2024-10-04,CUST0015,3162.86,2229.4,3162.86,Books,Central
3307,2024-10-04,CUST0014,4826.17,3052.81,4826.17,Clothing,South
3308,2024-10-04,CUST0054,2994.53,2216.66,2994.53,Books,North
3309,2024-10-04,CUST0053,679.66,379.51,679.66,Food,South
3310,2024-10-04,CUST0066,1401.54,1069.93,1401.54,Food,North
3311,2024-10-04,CUST0028,2965.74,1487.92,2965.74,Books,South
3312,2024-10-04,CUST0032,954.8,745.07,954.8,Sports,West
3313,2024-10-04,CUST0092,1273.51,1005.44,1273.51,Home,South
3314,2024-10-04,CUST0028,2477.77,1064.57,2477.77,Books,North
3315,2024-10-04,CUST0046,2608.91,1627.22,2608.91,Electronics,North
3316,2024-10-04,CUST0089,3141.57,2466.73,3141.57,Food,North
3317,2024-10-04,CUST0079,189.1,149.74,189.1,Electronics,South
3318,2024-10-04,CUST0069,847.76,483.66,847.76,Clothing,Central
3319,2024-10-04,CUST0071,720.52,525.18,720.52,Home,East
3320,2024-10-05,CUST0041,2087.03,1336.4,2087.03,Electronics,West
3321,2024-10-05,CUST0062,407.75,305.95,407.75,Books,East
3322,2024-10-05,CUST0093,4080.76,2861.44,4080.76,Clothing,East
3323,2024-10-05,CUST0005,3632.79,2426.3,3632.79,Clothing,South
3324,2024-10-05,CUST0077,4524.31,1889.98,4524.31,Sports,Central
3325,2024-10-05,CUST0053,3233.73,2434.63,3233.73,Books,North
3326,2024-10-05,CUST0040,4540.87,2295.8,4540.87,Sports,East
3327,2024-10-05,CUST0028,2453.76,1439.07,2453.76,Home,South
3328,2024-10-05,CUST0038,4598.95,3071.99,4598.95,Electronics,South
3329,2024-10-05,CUST0093,138.1,79.55,138.1,Electronics,East
3330,2024-10-05,CUST0080,3634.99,2755.91,3634.99,Electronics,East
3331,2024-10-05,CUST0064,3003.86,1349.02,3003.86,Clothing,North
3332,2024-10-05,CUST0069,1311.67,951.55,1311.67,Home,Central
3333,2024-10-05,CUST0002,2602.89,1433.67,2602.89,Electronics,East
3334,2024-10-06,CUST0091,287.23,196.45,287.23,Sports,Central
3335,2024-10-06,CUST0099,2922.08,2206.88,2922.08,Electronics,Central
3336,2024-10-06,CUST0053,3804.12,2030.88,3804.12,Home,Central
3337,2024-10-06,CUST0011,2261.83,1061.36,2261.83,Clothing,North
3338,2024-10-06,CUST0096,3742.31,2434.12,3742.31,Home,Central
3339,2024-10-06,CUST0014,356.21,248.58,356.21,Clothing,North
3340,2024-10-06,CUST0098,397.47,314.85,397.47,Food,East
3341,2024-10-06,CUST0082,3117.49,1603.55,3117.49,Home,East
3342,2024-10-06,CUST0001,1254.35,977.79,1254.35,Home,Central
3343,2024-10-06,CUST0071,3727.12,1524.99,3727.12,Clothing,West
3344,2024-10-06,CUST0051,4498.53,3594.68,4498.53,Food,West
3345,2024-10-06,CUST0072,629.37,431.8,629.37,Electronics,North
3346,2024-10-07,CUST0042,2039.5,1343.3,2039.5,Food,North
3347,2024-10-07,CUST0052,3928.17,3102.84,3928.17,Books,North
3348,2024-10-07,CUST0006,1152.73,762.39,1152.73,Food,Central
3349,2024-10-07,CUST0086,2626.02,1264.97,2626.02,Clothing,West
3350,2024-10-07,CUST0086,3811.04,2516.14,3811.04,Electronics,Central
3351,2024-10-07,CUST0074,95.57,45.88,95.57,Food,Central
3352,2024-10-07,CUST0034,1329.61,683.26,1329.61,Electronics,East
3353,2024-10-08,CUST0077,1455.04,651.45,1455.04,Food,Central
3354,2024-10-08,CUST0100,2986.63,1420.86,2986.63,Home,East
3355,2024-10-08,CUST0090,2150.47,1647.86,2150.47,Electronics,South
3356,2024-10-08,CUST0059,1470.67,1123.87,1470.67,Food,East
3357,2024-10-08,CUST0097,3012.39,1447.96,3012.39,Sports,Central
3358,2024-10-08,CUST0021,2528.45,2004.16,2528.45,Home,South
3359,2024-10-08,CUST0042,1308.98,928.08,1308.98,Electronics,East
3360,2024-10-08,CUST0030,145.56,114.43,145.56,Clothing,Central
3361,2024-10-08,CUST0038,924.96,589.04,924.96,Books,South
3362,2024-10-08,CUST0030,1773.07,1175.47,1773.07,Food,West
3363,2024-10-08,CUST0083,543.32,308.39,543.32,Clothing,South
3364,2024-10-09,CUST0060,2893.13,2046.44,2893.13,Home,East
3365,2024-10-09,CUST0097,837.87,340.2,837.87,Electronics,South
3366,2024-10-09,CUST0073,806.39,524.75,806.39,Sports,East
3367,2024-10-09,CUST0020,1722.38,742.6,1722.38,Electronics,Central
3368,2024-10-09,CUST0037,145.53,96.25,145.53,Home,North
3369,2024-10-09,CUST0005,2964.02,1450.59,2964.02,Sports,Central
3370,2024-10-09,CUST0050,4121.55,2317.98,4121.55,Sports,South
3371,2024-10-09,CUST0007,4831.45,2926.56,4831.45,Home,East
3372,2024-10-09,CUST0055,1534.57,725.44,1534.57,Electronics,Central
3373,2024-10-09,CUST0021,940.25,506.76,940.25,Clothing,North
3374,2024-10-09,CUST0099,3180.38,2026.48,3180.38,Books,East
3375,2024-10-09,CUST0065,3169.8,1828.42,3169.8,Food,South
3376,2024-10-09,CUST0029,975.21,567.55,975.21,Home,West
3377,2024-10-10,CUST0092,148.41,91.49,148.41,Electronics,South
3378,2024-10-10,CUST0046,1617.91,728.93,1617.91,Food,East
3379,2024-10-10,CUST0065,2835.37,2239.5,2835.37,Electronics,West
3380,2024-10-10,CUST0002,2059.87,1128.75,2059.87,Books,West
3381,2024-10-10,CUST0006,1552.22,1107.03,1552.22,Home,South
3382,2024-10-10,CUST0014,1284.29,933.42,1284.29,Home,West
3383,2024-10-10,CUST0024,2455.92,1396.95,2455.92,Sports,North
3384,2024-10-10,CUST0074,269.25,188.45,269.25,Home,East
3385,2024-10-10,CUST0043,4930.51,2034.4,4930.51,Food,Central
3386,2024-10-10,CUST0036,2601.65,1179.47,2601.65,Clothing,North
3387,2024-10-10,CUST0004,614.11,407.01,614.11,Sports,North
3388,2024-10-10,CUST0017,2629.45,1352.22,2629.45,Clothing,South
3389,2024-10-10,CUST0094,635.28,348.12,635.28,Sports,West
3390,2024-10-10,CUST0006,4439.52,3075.53,4439.52,Clothing,Central
3391,2024-10-10,CUST0080,2372.76,1434.41,2372.76,Food,East
3392,2024-10-10,CUST0056,1480.34,675.48,1480.34,Food,North
3393,2024-10-10,CUST0087,1275.41,563.22,1275.41,Books,South
3394,2024-10-11,CUST0098,4210.44,3086.06,4210.44,Clothing,East
3395,2024-10-11,CUST0021,3515.79,2353.84,3515.79,Clothing,East
3396,2024-10-11,CUST0051,394.43,236.08,394.43,Electronics,East
3397,2024-10-11,CUST0069,117.23,63.26,117.23,Books,West
3398,2024-10-11,CUST0073,4595.92,3268.18,4595.92,Books,South
3399,2024-10-11,CUST0094,4387.67,2315.61,4387.67,Home,North
3400,2024-10-11,CUST0040,4978.05,3190.42,4978.05,Sports,North
3401,2024-10-11,CUST0007,1768.48,1104.87,1768.48,Books,East
3402,2024-10-11,CUST0020,1203.51,929.02,1203.51,Electronics,East
3403,2024-10-11,CUST0036,686.41,410.78,686.41,Food,East
3404,2024-10-11,CUST0100,494.07,325.07,494.07,Sports,North
3405,2024-10-11,CUST0015,3633.78,2274.77,3633.78,Electronics,West
3406,2024-10-11,CUST0090,3845.15,2786.88,3845.15,Sports,West
3407,2024-10-11,CUST0051,1320.04,668.71,1320.04,Home,Central
3408,2024-10-11,CUST0028,167.84,70.6,167.84,Sports,North
3409,2024-10-11,CUST0003,4373.18,2429.38,4373.18,Food,West
3410,2024-10-11,CUST0081,1286.97,766.27,1286.97,Home,West
3411,2024-10-11,CUST0078,4199.54,3327.64,4199.54,Food,North
3412,2024-10-11,CUST0041,3013.74,2037.03,3013.74,Sports,East
3413,2024-10-12,CUST0066,3539.24,1705.79,3539.24,Sports,North
3414,2024-10-12,CUST0010,4880.67,3785.61,4880.67,Food,Central
3415,2024-10-12,CUST0076,2357.4,1139.95,2357.4,Sports,West
3416,2024-10-12,CUST0068,1259.69,552.04,1259.69,Clothing,Central
3417,2024-10-12,CUST0025,3778.52,2154.29,3778.52,Books,South
3418,2024-10-12,CUST0093,4458.23,2549.33,4458.23,Books,East
3419,2024-10-12,CUST0070,1533.47,790.65,1533.47,Books,South
3420,2024-10-12,CUST0071,800.75,346.56,800.75,Food,South
3421,2024-10-12,CUST0087,4154.97,2874.72,4154.97,Food,East
3422,2024-10-13,CUST0032,350.87,266.42,350.87,Clothing,North
3423,2024-10-13,CUST0012,1960.11,1388.1,1960.11,Electronics,North
3424,2024-10-13,CUST0064,3476.29,2094.45,3476.29,Food,South
3425,2024-10-13,CUST0039,2866.4,2170.68,2866.4,Electronics,North
3426,2024-10-13,CUST0088,3354.66,1944.97,3354.66,Food,North
3427,2024-10-13,CUST0063,4890.98,3333.4,4890.98,Food,South
3428,2024-10-13,CUST0074,953.88,409.37,953.88,Electronics,Central
3429,2024-10-13,CUST0053,3493.94,2479.33,3493.94,Food,East
3430,2024-10-13,CUST0016,3266.46,1416.48,3266.46,Clothing,Central
3431,2024-10-13,CUST0072,3285.15,1505.74,3285.15,Sports,South
3432,2024-10-13,CUST0009,4432.77,2976.1,4432.77,Home,North
3433,2024-10-14,CUST0011,2218.26,1575.83,2218.26,Sports,West
3434,2024-10-14,CUST0074,4675.87,3205.66,4675.87,Home,Central
3435,2024-10-14,CUST0029,4057.43,3178.76,4057.43,Books,East
3436,2024-10-14,CUST0077,4325.86,1943.67,4325.86,Sports,South
3437,2024-10-14,CUST0001,733.51,332.22,733.51,Food,North
3438,2024-10-14,CUST0079,235.99,140.86,235.99,Sports,West
3439,2024-10-15,CUST0097,758.67,590.27,758.67,Books,South
3440,2024-10-15,CUST0061,794.21,452.23,794.21,Books,South
3441,2024-10-15,CUST0043,2309.73,1174.91,2309.73,Food,North
3442,2024-10-15,CUST0076,1333.95,844.11,1333.95,Home,East
3443,2024-10-15,CUST0049,4223.84,3298.07,4223.84,Books,South
3444,2024-10-15,CUST0032,424.44,248.35,424.44,Food,West
3445,2024-10-15,CUST0037,2054.24,1603.11,2054.24,Food,Central
3446,2024-10-15,CUST0032,2639.73,2031.79,2639.73,Home,South
3447,2024-10-15,CUST0037,3935.75,2289.95,3935.75,Electronics,North
3448,2024-10-15,CUST0005,3321.43,2060.94,3321.43,Clothing,North
3449,2024-10-15,CUST0030,4628.12,3555.09,4628.12,Electronics,East
3450,2024-10-16,CUST0048,3888.82,2813.67,3888.82,Books,West
3451,2024-10-16,CUST0024,2545.17,1554.27,2545.17,Home,West
3452,2024-10-16,CUST0076,3878.29,1632.07,3878.29,Electronics,North
3453,2024-10-16,CUST0075,4498.69,2867.5,4498.69,Home,East
3454,2024-10-16,CUST0028,250.48,161.58,250.48,Sports,West
3455,2024-10-16,CUST0085,594.79,383.01,594.79,Home,East
3456,2024-10-16,CUST0022,2746.77,1189.69,2746.77,Food,South
3457,2024-10-16,CUST0015,2806.99,1272.65,2806.99,Home,South
3458,2024-10-16,CUST0061,542.33,299.49,542.33,Books,West
3459,2024-10-16,CUST0088,1756.56,1041.9,1756.56,Home,South
3460,2024-10-17,CUST0078,2302.69,1241.11,2302.69,Sports,North
3461,2024-10-17,CUST0031,1800.06,1238.09,1800.06,Food,South
3462,2024-10-17,CUST0051,1988.58,1434.77,1988.58,Home,West
3463,2024-10-17,CUST0054,770.56,564.4,770.56,Home,East
3464,2024-10-17,CUST0019,4475.57,2679.3,4475.57,Sports,North
3465,2024-10-17,CUST0023,888.86,523.79,888.86,Books,Central
3466,2024-10-17,CUST0020,2084.16,1335.58,2084.16,Sports,South
3467,2024-10-17,CUST0098,3861.65,3041.46,3861.65,Electronics,Central
3468,2024-10-17,CUST0005,4965.44,3607.61,4965.44,Home,Central
3469,2024-10-17,CUST0057,2946.24,1431.72,2946.24,Food,East
3470,2024-10-18,CUST0058,479.06,356.85,479.06,Food,South
3471,2024-10-18,CUST0037,433.78,313.24,433.78,Books,Central
3472,2024-10-18,CUST0052,448.56,280.22,448.56,Food,Central
3473,2024-10-18,CUST0097,2055.87,855.19,2055.87,Electronics,Central
3474,2024-10-18,CUST0098,1675.13,1253.03,1675.13,Food,East
3475,2024-10-18,CUST0026,3592.59,1998.49,3592.59,Food,West
3476,2024-10-18,CUST0071,1762.71,1023.22,1762.71,Clothing,Central
3477,2024-10-18,CUST0025,296.35,180.67,296.35,Home,North
3478,2024-10-18,CUST0019,4432.15,2413.91,4432.15,Electronics,East
3479,2024-10-18,CUST0041,1646.36,1213.67,1646.36,Sports,South
3480,2024-10-18,CUST0092,1922.86,1429.78,1922.86,Electronics,East
3481,2024-10-18,CUST0085,2383.27,1864.92,2383.27,Sports,Central
3482,2024-10-19,CUST0053,4391.09,2122.95,4391.09,Home,West
3483,2024-10-19,CUST0011,2029.3,1104.59,2029.3,Food,Central
3484,2024-10-19,CUST0048,2642.29,2095.28,2642.29,Sports,North
3485,2024-10-19,CUST0009,3208.64,2038.2,3208.64,Home,Central
3486,2024-10-19,CUST0047,1707.54,1311.09,1707.54,Sports,South
3487,2024-10-19,CUST0046,1800.51,1098.22,1800.51,Food,East
3488,2024-10-19,CUST0009,1573.36,708.91,1573.36,Books,South
3489,2024-10-19,CUST0048,2875.14,1659.08,2875.14,Sports,North
3490,2024-10-19,CUST0095,2319.11,1714.86,2319.11,Clothing,North
3491,2024-10-19,CUST0082,1769.02,839.96,1769.02,Books,East
3492,2024-10-19,CUST0006,4451.96,3154.33,4451.96,Electronics,West
3493,2024-10-19,CUST0092,4424.75,3007.71,4424.75,Sports,North
3494,2024-10-19,CUST0077,746.44,364.17,746.44,Sports,East
3495,2024-10-19,CUST0100,3219.29,2563.07,3219.29,Electronics,East
3496,2024-10-19,CUST0093,4913.62,2320.74,4913.62,Sports,South
3497,2024-10-19,CUST0074,4245.84,2704.94,4245.84,Books,East
3498,2024-10-20,CUST0059,3306.22,1604.4,3306.22,Home,North
3499,2024-10-20,CUST0099,2012.87,1602.98,2012.87,Electronics,West
3500,2024-10-20,CUST0017,4309.43,1753.33,4309.43,Food,South
3501,2024-10-20,CUST0060,4214.48,2827.39,4214.48,Books,West
3502,2024-10-20,CUST0012,1788.48,730.11,1788.48,Home,Central
3503,2024-10-20,CUST0031,4451.61,2397.46,4451.61,Home,West
3504,2024-10-20,CUST0072,2246.61,1191.12,2246.61,Sports,North
3505,2024-10-21,CUST0032,273.58,180.92,273.58,Sports,West
3506,2024-10-21,CUST0085,3352.08,2111.19,3352.08,Sports,West
3507,2024-10-21,CUST0092,963.45,490.67,963.45,Sports,North
3508,2024-10-21,CUST0034,2684.56,1898.96,2684.56,Food,South
3509,2024-10-21,CUST0007,4754.69,3264.53,4754.69,Clothing,Central
3510,2024-10-21,CUST0032,4120.7,2548.7,4120.7,Electronics,West
3511,2024-10-21,CUST0016,2405.18,1766.47,2405.18,Food,West
3512,2024-10-21,CUST0044,2606.74,1547.62,2606.74,Clothing,North
3513,2024-10-21,CUST0070,3955.57,2104.71,3955.57,Clothing,South
3514,2024-10-21,CUST0100,892.73,429.45,892.73,Sports,East
3515,2024-10-21,CUST0028,1981.47,1187.73,1981.47,Books,West
3516,2024-10-21,CUST0080,3151.4,1363.02,3151.4,Home,South
3517,2024-10-21,CUST0001,2796.97,1991.12,2796.97,Clothing,East
3518,2024-10-22,CUST0074,3429.63,1793.62,3429.63,Sports,East
3519,2024-10-22,CUST0056,290.71,194.85,290.71,Clothing,East
3520,2024-10-22,CUST0076,831.11,462.81,831.11,Food,Central
3521,2024-10-22,CUST0071,1547.39,700.52,1547.39,Clothing,South
3522,2024-10-22,CUST0073,2885.79,1828.84,2885.79,Sports,Central
3523,2024-10-22,CUST0020,3359.51,1865.6,3359.51,Electronics,East
3524,2024-10-22,CUST0062,1381.08,583.38,1381.08,Food,Central
3525,2024-10-22,CUST0074,3921.4,2404.33,3921.4,Clothing,Central
3526,2024-10-22,CUST0098,4666.52,3536.33,4666.52,Home,Central
3527,2024-10-22,CUST0016,523.65,283.73,523.65,Electronics,Central
3528,2024-10-22,CUST0025,1408.02,956.65,1408.02,Clothing,South
3529,2024-10-22,CUST0034,2697.65,1678.47,2697.65,Home,Central
3530,2024-10-22,CUST0007,2887.77,1329.57,2887.77,Sports,Central
3531,2024-10-22,CUST0018,356.78,269.45,356.78,Sports,South
3532,2024-10-23,CUST0010,1720.2,1139.41,1720.2,Clothing,West
3533,2024-10-23,CUST0055,611.32,350.59,611.32,Food,East
3534,2024-10-23,CUST0044,2078.74,1240.33,2078.74,Food,West
3535,2024-10-23,CUST0080,3870.87,2348.31,3870.87,Clothing,North
3536,2024-10-23,CUST0017,2513.34,1281.68,2513.34,Electronics,East
3537,2024-10-24,CUST0099,2022.2,1599.85,2022.2,Home,Central
3538,2024-10-24,CUST0014,2448.47,1199.33,2448.47,Electronics,South
3539,2024-10-24,CUST0089,2079.06,1396.83,2079.06,Sports,North
3540,2024-10-24,CUST0059,1362.49,554.2,1362.49,Books,West
3541,2024-10-24,CUST0037,4800.77,3781.03,4800.77,Electronics,North
3542,2024-10-24,CUST0033,2921.22,1688.0,2921.22,Books,Central
3543,2024-10-24,CUST0069,2713.81,1180.32,2713.81,Electronics,East
3544,2024-10-24,CUST0052,2299.81,1577.17,2299.81,Sports,East
3545,2024-10-25,CUST0007,4192.85,2163.4,4192.85,Clothing,North
3546,2024-10-25,CUST0059,986.58,638.08,986.58,Books,South
3547,2024-10-25,CUST0007,1187.49,493.0,1187.49,Home,Central
3548,2024-10-25,CUST0014,1748.72,1172.19,1748.72,Food,East
3549,2024-10-25,CUST0013,355.25,283.64,355.25,Books,West
3550,2024-10-25,CUST0028,1503.25,1054.2,1503.25,Books,West
3551,2024-10-25,CUST0053,4131.85,3001.93,4131.85,Sports,North
3552,2024-10-25,CUST0056,1997.57,904.38,1997.57,Clothing,North
3553,2024-10-25,CUST0002,4028.59,2339.82,4028.59,Home,West
3554,2024-10-25,CUST0075,3522.92,2021.59,3522.92,Clothing,East
3555,2024-10-25,CUST0056,915.44,490.16,915.44,Electronics,West
3556,2024-10-26,CUST0054,2918.06,2098.87,2918.06,Home,Central
3557,2024-10-26,CUST0059,1611.96,783.73,1611.96,Food,North
3558,2024-10-26,CUST0041,3662.88,2562.95,3662.88,Sports,East
3559,2024-10-26,CUST0078,4316.05,2596.6,4316.05,Electronics,West
3560,2024-10-26,CUST0022,4219.67,2168.17,4219.67,Home,Central
3561,2024-10-26,CUST0080,3466.54,2401.58,3466.54,Clothing,North
3562,2024-10-26,CUST0060,2102.72,945.46,2102.72,Electronics,Central
3563,2024-10-26,CUST0039,1289.16,574.61,1289.16,Electronics,East
3564,2024-10-26,CUST0074,4120.84,2329.46,4120.84,Sports,West
3565,2024-10-26,CUST0025,219.27,159.52,219.27,Home,West
3566,2024-10-26,CUST0026,414.77,322.1,414.77,Clothing,West
3567,2024-10-27,CUST0032,422.95,329.33,422.95,Electronics,Central
3568,2024-10-27,CUST0096,416.58,246.91,416.58,Food,West
3569,2024-10-27,CUST0093,2710.05,1257.6,2710.05,Sports,West
3570,2024-10-27,CUST0100,729.23,338.51,729.23,Electronics,East
3571,2024-10-27,CUST0034,3276.28,1348.86,3276.28,Electronics,West
3572,2024-10-27,CUST0084,1422.8,882.71,1422.8,Clothing,South
3573,2024-10-27,CUST0015,3044.77,1695.48,3044.77,Electronics,Central
3574,2024-10-27,CUST0057,3365.36,1781.91,3365.36,Home,West
3575,2024-10-27,CUST0037,3706.38,2827.65,3706.38,Sports,West
3576,2024-10-27,CUST0086,1365.11,1057.03,1365.11,Sports,West
3577,2024-10-27,CUST0025,2191.89,988.15,2191.89,Clothing,South
3578,2024-10-28,CUST0054,404.67,314.59,404.67,Books,Central
3579,2024-10-28,CUST0004,3453.53,1873.34,3453.53,Food,North
3580,2024-10-28,CUST0020,4794.94,3308.19,4794.94,Electronics,North
3581,2024-10-28,CUST0039,2582.2,1682.63,2582.2,Home,West
3582,2024-10-28,CUST0087,2878.19,1323.94,2878.19,Home,Central
3583,2024-10-28,CUST0095,4368.43,2328.48,4368.43,Food,West
3584,2024-10-28,CUST0056,1972.55,1186.06,1972.55,Food,West
3585,2024-10-28,CUST0006,3056.29,1416.15,3056.29,Food,Central
3586,2024-10-28,CUST0084,3373.91,2486.51,3373.91,Electronics,North
3587,2024-10-28,CUST0090,1082.05,503.3,1082.05,Books,South
3588,2024-10-29,CUST0038,2745.63,1323.65,2745.63,Electronics,Central
3589,2024-10-29,CUST0068,2690.37,1625.85,2690.37,Electronics,West
3590,2024-10-29,CUST0024,892.0,469.57,892.0,Electronics,North
3591,2024-10-29,CUST0043,4699.13,2969.82,4699.13,Electronics,North
3592,2024-10-29,CUST0035,3803.61,2511.73,3803.61,Clothing,West
3593,2024-10-29,CUST0028,3992.36,2230.09,3992.36,Sports,Central
3594,2024-10-29,CUST0062,1029.97,791.33,1029.97,Food,East
3595,2024-10-29,CUST0065,1320.3,882.54,1320.3,Home,North
3596,2024-10-29,CUST0070,384.4,180.12,384.4,Books,West
3597,2024-10-29,CUST0049,209.05,143.05,209.05,Food,North
3598,2024-10-29,CUST0056,1004.12,678.14,1004.12,Home,North
3599,2024-10-29,CUST0052,4627.01,2042.54,4627.01,Electronics,South
3600,2024-10-29,CUST0069,3289.25,1957.11,3289.25,Electronics,Central
3601,2024-10-29,CUST0068,4740.24,1974.35,4740.24,Clothing,North
3602,2024-10-30,CUST0033,1194.1,518.74,1194.1,Electronics,East
3603,2024-10-30,CUST0099,4867.77,2536.16,4867.77,Electronics,South
3604,2024-10-30,CUST0085,3226.35,2215.83,3226.35,Electronics,South
3605,2024-10-30,CUST0006,2254.76,1222.16,2254.76,Books,East
3606,2024-10-30,CUST0035,2720.9,1145.29,2720.9,Books,South
3607,2024-10-30,CUST0071,207.44,120.41,207.44,Clothing,North
3608,2024-10-30,CUST0007,113.64,50.46,113.64,Home,Central
3609,2024-10-30,CUST0032,1005.41,724.69,1005.41,Home,North
3610,2024-10-30,CUST0097,3107.82,1418.04,3107.82,Books,West
3611,2024-10-30,CUST0080,1166.24,753.12,1166.24,Sports,South
3612,2024-10-30,CUST0088,2638.79,1101.14,2638.79,Clothing,North
3613,2024-10-30,CUST0008,1995.07,1332.65,1995.07,Books,West
3614,2024-10-30,CUST0100,1096.88,682.12,1096.88,Sports,East
3615,2024-10-30,CUST0056,2997.1,1609.73,2997.1,Food,South
3616,2024-10-30,CUST0015,2030.72,1293.85,2030.72,Food,West
3617,2024-10-31,CUST0027,3364.02,1381.53,3364.02,Home,North
3618,2024-10-31,CUST0090,857.45,621.51,857.45,Food,Central
3619,2024-10-31,CUST0036,396.22,224.91,396.22,Electronics,East
3620,2024-10-31,CUST0067,3838.89,2678.37,3838.89,Books,South
3621,2024-10-31,CUST0093,1122.59,820.47,1122.59,Home,South
3622,2024-10-31,CUST0085,592.84,312.75,592.84,Home,South
3623,2024-10-31,CUST0095,226.59,137.18,226.59,Electronics,West
3624,2024-10-31,CUST0033,3219.72,1891.01,3219.72,Electronics,South
3625,2024-10-31,CUST0077,193.51,137.06,193.51,Sports,Central
3626,2024-11-01,CUST0075,1404.79,713.27,1404.79,Clothing,South
3627,2024-11-01,CUST0078,616.6,276.21,616.6,Electronics,East
3628,2024-11-01,CUST0012,3457.69,1696.7,3457.69,Sports,South
3629,2024-11-01,CUST0041,1898.93,818.51,1898.93,Clothing,North
3630,2024-11-01,CUST0041,1898.67,1323.66,1898.67,Sports,North
3631,2024-11-01,CUST0053,2064.59,1181.86,2064.59,Sports,Central
3632,2024-11-01,CUST0077,2235.52,1367.41,2235.52,Clothing,Central
3633,2024-11-01,CUST0077,1528.01,708.37,1528.01,Food,West
3634,2024-11-01,CUST0095,4352.41,2414.64,4352.41,Books,West
3635,2024-11-01,CUST0007,3758.99,1962.43,3758.99,Clothing,South
3636,2024-11-01,CUST0087,1667.44,860.1,1667.44,Books,North
3637,2024-11-01,CUST0058,920.5,653.45,920.5,Electronics,North
3638,2024-11-01,CUST0018,3383.91,1927.05,3383.91,Electronics,East
3639,2024-11-01,CUST0030,4896.81,2102.58,4896.81,Food,Central
3640,2024-11-01,CUST0088,3935.7,2977.88,3935.7,Home,West
3641,2024-11-01,CUST0054,3050.02,1328.76,3050.02,Books,South
3642,2024-11-01,CUST0059,2198.68,1048.31,2198.68,Books,Central
3643,2024-11-01,CUST0067,3095.86,2470.62,3095.86,Electronics,North
3644,2024-11-01,CUST0011,642.65,497.22,642.65,Electronics,Central
3645,2024-11-02,CUST0010,2656.25,1635.64,2656.25,Books,South
3646,2024-11-02,CUST0062,2062.36,1539.22,2062.36,Electronics,North
3647,2024-11-02,CUST0060,4798.01,1930.61,4798.01,Books,Central
3648,2024-11-02,CUST0043,2749.25,1564.93,2749.25,Home,West
3649,2024-11-02,CUST0099,2345.47,1035.33,2345.47,Clothing,Central
3650,2024-11-02,CUST0069,2909.41,1674.26,2909.41,Home,Central
3651,2024-11-02,CUST0033,2108.87,1505.54,2108.87,Sports,Central
3652,2024-11-02,CUST0081,4049.67,2042.38,4049.67,Food,West
3653,2024-11-02,CUST0087,214.28,130.03,214.28,Home,North
3654,2024-11-02,CUST0098,3072.56,2417.31,3072.56,Food,East
3655,2024-11-02,CUST0100,4681.98,2932.11,4681.98,Home,West
3656,2024-11-02,CUST0063,2890.43,1694.95,2890.43,Electronics,West
3657,2024-11-02,CUST0043,819.79,352.12,819.79,Books,East
3658,2024-11-02,CUST0086,2076.4,1159.4,2076.4,Food,South
3659,2024-11-03,CUST0050,3915.0,2541.15,3915.0,Books,North
3660,2024-11-03,CUST0095,4820.65,3733.39,4820.65,Home,East
3661,2024-11-03,CUST0046,2000.59,1232.08,2000.59,Home,North
3662,2024-11-03,CUST0073,2038.46,1207.09,2038.46,Electronics,Central
3663,2024-11-03,CUST0051,4173.34,2833.92,4173.34,Clothing,West
3664,2024-11-03,CUST0069,3474.14,1480.22,3474.14,Home,East
3665,2024-11-03,CUST0089,4948.26,2927.06,4948.26,Electronics,North
3666,2024-11-03,CUST0036,4389.91,2037.56,4389.91,Home,South
3667,2024-11-03,CUST0080,2199.98,1174.95,2199.98,Home,North
3668,2024-11-03,CUST0081,3508.7,1631.24,3508.7,Books,North
3669,2024-11-03,CUST0078,3706.8,1526.6,3706.8,Food,North
3670,2024-11-03,CUST0010,2451.3,1636.5,2451.3,Electronics,West
3671,2024-11-03,CUST0006,4467.93,2192.92,4467.93,Books,North
3672,2024-11-04,CUST0098,4882.34,2906.28,4882.34,Electronics,North
3673,2024-11-04,CUST0006,994.04,760.59,994.04,Sports,South
3674,2024-11-04,CUST0089,4181.95,1728.21,4181.95,Home,West
3675,2024-11-04,CUST0035,1724.14,922.12,1724.14,Books,East
3676,2024-11-04,CUST0047,752.33,598.44,752.33,Clothing,East
3677,2024-11-04,CUST0042,3159.87,1833.57,3159.87,Sports,Central
3678,2024-11-04,CUST0030,732.12,489.41,732.12,Sports,North
3679,2024-11-04,CUST0057,1109.72,721.44,1109.72,Sports,West
3680,2024-11-04,CUST0001,2416.63,1617.92,2416.63,Food,North
3681,2024-11-04,CUST0051,4315.2,2505.01,4315.2,Electronics,Central
3682,2024-11-04,CUST0094,2394.09,1714.75,2394.09,Home,North
3683,2024-11-04,CUST0067,2017.74,1148.83,2017.74,Books,West
3684,2024-11-04,CUST0096,3482.14,2378.02,3482.14,Electronics,North
3685,2024-11-04,CUST0091,4712.02,3120.41,4712.02,Home,West
3686,2024-11-04,CUST0021,211.26,116.07,211.26,Electronics,North
3687,2024-11-04,CUST0074,4138.57,2137.66,4138.57,Clothing,West
3688,2024-11-05,CUST0045,1203.35,673.38,1203.35,Food,East
3689,2024-11-05,CUST0075,3133.0,1444.8,3133.0,Sports,South
3690,2024-11-05,CUST0058,3281.45,1617.29,3281.45,Clothing,East
3691,2024-11-05,CUST0007,1623.04,850.47,1623.04,Electronics,South
3692,2024-11-05,CUST0008,4420.61,2311.76,4420.61,Food,East
3693,2024-11-05,CUST0042,799.84,448.1,799.84,Clothing,South
3694,2024-11-05,CUST0030,3966.24,2580.22,3966.24,Home,West
3695,2024-11-05,CUST0044,3114.79,1449.88,3114.79,Books,West
3696,2024-11-05,CUST0049,4564.7,2666.87,4564.7,Food,Central
3697,2024-11-05,CUST0081,3637.31,2102.83,3637.31,Food,West
3698,2024-11-05,CUST0052,4787.57,3636.14,4787.57,Sports,West
3699,2024-11-05,CUST0041,3482.63,2548.35,3482.63,Clothing,East
3700,2024-11-05,CUST0066,1591.51,915.51,1591.51,Food,South
3701,2024-11-05,CUST0097,2489.48,1566.25,2489.48,Sports,South
3702,2024-11-05,CUST0042,4338.75,1773.35,4338.75,Home,West
3703,2024-11-05,CUST0044,3529.09,2496.62,3529.09,Electronics,Central
3704,2024-11-05,CUST0065,3210.7,2437.9,3210.7,Electronics,Central
3705,2024-11-06,CUST0044,2838.73,1222.03,2838.73,Clothing,North
3706,2024-11-06,CUST0092,458.17,318.14,458.17,Books,East
3707,2024-11-06,CUST0057,3378.39,2011.9,3378.39,Clothing,North
3708,2024-11-06,CUST0008,517.61,246.54,517.61,Clothing,North
3709,2024-11-06,CUST0072,1685.71,1037.2,1685.71,Food,East
3710,2024-11-06,CUST0089,2518.0,1199.25,2518.0,Books,West
3711,2024-11-06,CUST0095,3121.32,1822.59,3121.32,Home,Central
3712,2024-11-06,CUST0081,337.41,250.53,337.41,Electronics,East
3713,2024-11-07,CUST0093,4696.07,3123.46,4696.07,Clothing,West
3714,2024-11-07,CUST0073,1926.74,1139.63,1926.74,Sports,North
3715,2024-11-07,CUST0012,1814.05,1189.76,1814.05,Food,North
3716,2024-11-07,CUST0089,478.22,202.18,478.22,Books,Central
3717,2024-11-07,CUST0060,3065.15,1234.02,3065.15,Food,Central
3718,2024-11-07,CUST0100,4248.07,2608.26,4248.07,Home,West
3719,2024-11-07,CUST0086,1991.63,1010.66,1991.63,Sports,West
3720,2024-11-08,CUST0064,2308.92,1113.3,2308.92,Sports,West
3721,2024-11-08,CUST0022,2755.92,2116.51,2755.92,Clothing,Central
3722,2024-11-08,CUST0087,3005.64,1790.08,3005.64,Food,North
3723,2024-11-08,CUST0063,3370.09,2215.68,3370.09,Clothing,South
3724,2024-11-08,CUST0019,2481.14,1296.98,2481.14,Electronics,South
3725,2024-11-08,CUST0093,1776.89,1282.73,1776.89,Electronics,West
3726,2024-11-08,CUST0077,3709.36,2668.07,3709.36,Home,West
3727,2024-11-08,CUST0046,1136.11,817.11,1136.11,Electronics,West
3728,2024-11-08,CUST0025,1204.61,729.98,1204.61,Food,Central
3729,2024-11-08,CUST0037,3685.31,1580.99,3685.31,Food,East
3730,2024-11-08,CUST0076,3315.6,2599.02,3315.6,Food,North
3731,2024-11-08,CUST0018,295.58,177.3,295.58,Clothing,North
3732,2024-11-08,CUST0089,2021.37,975.42,2021.37,Home,West
3733,2024-11-09,CUST0017,1079.05,602.78,1079.05,Clothing,West
3734,2024-11-09,CUST0041,3301.13,2126.26,3301.13,Clothing,East
3735,2024-11-09,CUST0001,1490.84,673.58,1490.84,Clothing,East
3736,2024-11-09,CUST0010,1047.56,562.04,1047.56,Food,South
3737,2024-11-09,CUST0056,468.5,195.69,468.5,Clothing,Central
3738,2024-11-10,CUST0055,2410.89,1916.51,2410.89,Electronics,South
3739,2024-11-10,CUST0082,2873.73,2295.95,2873.73,Electronics,West
3740,2024-11-10,CUST0074,2754.23,1875.79,2754.23,Clothing,East
3741,2024-11-10,CUST0010,2680.42,1365.5,2680.42,Clothing,East
3742,2024-11-10,CUST0020,3668.83,2147.33,3668.83,Home,East
3743,2024-11-10,CUST0056,1717.57,1116.29,1717.57,Home,West
3744,2024-11-10,CUST0083,4413.7,1964.47,4413.7,Home,Central
3745,2024-11-10,CUST0100,2065.87,847.88,2065.87,Books,East
3746,2024-11-10,CUST0064,4180.53,2930.58,4180.53,Books,West
3747,2024-11-10,CUST0061,4491.83,2315.01,4491.83,Electronics,East
3748,2024-11-10,CUST0083,4055.77,2953.61,4055.77,Home,West
3749,2024-11-10,CUST0065,2036.77,845.11,2036.77,Food,South
3750,2024-11-10,CUST0004,1047.15,436.47,1047.15,Books,Central
3751,2024-11-11,CUST0003,1913.03,995.61,1913.03,Sports,South
3752,2024-11-11,CUST0031,2264.47,1697.08,2264.47,Sports,South
3753,2024-11-11,CUST0051,3130.34,1830.91,3130.34,Books,East
3754,2024-11-11,CUST0009,2044.19,1349.79,2044.19,Electronics,Central
3755,2024-11-11,CUST0025,4074.78,2127.21,4074.78,Sports,South
3756,2024-11-12,CUST0083,1637.29,1191.97,1637.29,Food,East
3757,2024-11-12,CUST0048,3810.57,2684.85,3810.57,Home,East
3758,2024-11-12,CUST0056,843.85,435.22,843.85,Food,North
3759,2024-11-12,CUST0088,3932.6,1996.56,3932.6,Sports,South
3760,2024-11-12,CUST0024,1462.06,889.15,1462.06,Clothing,East
3761,2024-11-12,CUST0021,2765.73,1119.5,2765.73,Food,East
3762,2024-11-12,CUST0048,640.26,360.87,640.26,Sports,South
3763,2024-11-12,CUST0019,2190.79,1243.15,2190.79,Sports,East
3764,2024-11-12,CUST0052,2334.4,1809.62,2334.4,Electronics,Central
3765,2024-11-12,CUST0088,3975.9,2538.03,3975.9,Books,Central
3766,2024-11-12,CUST0074,3283.49,1538.81,3283.49,Clothing,East
3767,2024-11-12,CUST0025,2038.64,873.28,2038.64,Electronics,East
3768,2024-11-12,CUST0081,302.32,178.89,302.32,Food,West
3769,2024-11-12,CUST0008,3807.5,2717.48,3807.5,Food,South
3770,2024-11-13,CUST0045,3021.44,1898.64,3021.44,Clothing,South
3771,2024-11-13,CUST0074,2169.34,1218.02,2169.34,Sports,West
3772,2024-11-13,CUST0031,3539.32,2376.87,3539.32,Home,East
3773,2024-11-13,CUST0058,3222.81,1367.26,3222.81,Electronics,North
3774,2024-11-13,CUST0008,2112.76,1367.36,2112.76,Food,East
3775,2024-11-13,CUST0089,4551.91,3344.57,4551.91,Books,West
3776,2024-11-13,CUST0055,2298.43,1735.96,2298.43,Sports,North
3777,2024-11-13,CUST0048,1498.35,930.05,1498.35,Books,East
3778,2024-11-13,CUST0020,3301.68,2304.16,3301.68,Sports,South
3779,2024-11-13,CUST0030,528.61,259.33,528.61,Electronics,East
3780,2024-11-13,CUST0022,4588.28,3014.94,4588.28,Sports,Central
3781,2024-11-13,CUST0010,539.81,363.33,539.81,Electronics,East
3782,2024-11-13,CUST0071,3247.37,1865.92,3247.37,Food,South
3783,2024-11-14,CUST0095,4798.65,3452.37,4798.65,Electronics,West
3784,2024-11-14,CUST0093,4678.68,3164.38,4678.68,Food,East
3785,2024-11-14,CUST0049,4358.28,2956.92,4358.28,Home,West
3786,2024-11-14,CUST0022,2495.18,1273.95,2495.18,Sports,East
3787,2024-11-14,CUST0012,2203.05,979.89,2203.05,Books,North
3788,2024-11-14,CUST0018,1590.93,1007.3,1590.93,Home,West
3789,2024-11-14,CUST0063,4501.43,3108.79,4501.43,Clothing,North
3790,2024-11-15,CUST0025,1422.75,685.92,1422.75,Clothing,West
3791,2024-11-15,CUST0036,2894.48,1254.66,2894.48,Sports,West
3792,2024-11-15,CUST0100,3815.21,1803.65,3815.21,Home,West
3793,2024-11-15,CUST0040,1530.45,889.11,1530.45,Home,East
3794,2024-11-15,CUST0087,2849.38,2167.34,2849.38,Home,East
3795,2024-11-15,CUST0013,384.13,187.02,384.13,Books,Central
3796,2024-11-15,CUST0010,275.12,174.89,275.12,Electronics,North
3797,2024-11-15,CUST0097,2676.01,1665.94,2676.01,Clothing,South
3798,2024-11-15,CUST0068,831.83,633.58,831.83,Clothing,East
3799,2024-11-15,CUST0077,620.53,322.66,620.53,Books,East
3800,2024-11-15,CUST0078,4685.46,2609.35,4685.46,Electronics,West
3801,2024-11-15,CUST0039,952.45,751.99,952.45,Home,South
3802,2024-11-15,CUST0070,284.53,217.07,284.53,Sports,West
3803,2024-11-15,CUST0012,857.95,628.12,857.95,Clothing,West
3804,2024-11-15,CUST0093,97.85,42.01,97.85,Books,North
3805,2024-11-16,CUST0029,2539.08,1334.63,2539.08,Sports,North
3806,2024-11-16,CUST0063,2492.91,1412.58,2492.91,Sports,North
3807,2024-11-16,CUST0046,4672.64,1938.87,4672.64,Sports,Central
3808,2024-11-16,CUST0098,3706.94,2575.95,3706.94,Clothing,West
3809,2024-11-16,CUST0028,253.28,108.56,253.28,Clothing,South
3810,2024-11-16,CUST0084,1880.29,1222.79,1880.29,Clothing,Central
3811,2024-11-16,CUST0082,696.59,538.87,696.59,Electronics,West
3812,2024-11-17,CUST0036,4787.03,2799.02,4787.03,Electronics,West
3813,2024-11-17,CUST0007,2070.56,1045.9,2070.56,Home,West
3814,2024-11-17,CUST0045,3904.33,2951.67,3904.33,Food,West
3815,2024-11-17,CUST0029,2097.75,1300.82,2097.75,Home,Central
3816,2024-11-17,CUST0055,815.13,606.94,815.13,Electronics,East
3817,2024-11-18,CUST0090,243.7,129.35,243.7,Food,North
3818,2024-11-18,CUST0053,2061.32,850.42,2061.32,Books,North
3819,2024-11-18,CUST0099,1298.48,975.21,1298.48,Home,Central
3820,2024-11-18,CUST0038,603.05,309.18,603.05,Sports,South
3821,2024-11-18,CUST0077,171.26,132.6,171.26,Sports,Central
3822,2024-11-18,CUST0053,4743.81,2117.27,4743.81,Food,North
3823,2024-11-18,CUST0026,1060.14,825.15,1060.14,Sports,South
3824,2024-11-18,CUST0089,449.58,356.14,449.58,Clothing,Central
3825,2024-11-18,CUST0094,3967.14,2497.44,3967.14,Home,Central
3826,2024-11-18,CUST0097,2243.05,1586.48,2243.05,Books,South
3827,2024-11-18,CUST0098,1936.82,1331.66,1936.82,Books,South
3828,2024-11-18,CUST0023,4671.4,2824.36,4671.4,Clothing,Central
3829,2024-11-18,CUST0022,1500.9,794.18,1500.9,Sports,North
3830,2024-11-18,CUST0049,3304.48,2471.94,3304.48,Home,North
3831,2024-11-18,CUST0086,3738.11,2343.29,3738.11,Sports,Central
3832,2024-11-18,CUST0003,3733.72,2288.0,3733.72,Electronics,Central
3833,2024-11-18,CUST0042,4825.87,3033.9,4825.87,Clothing,East
3834,2024-11-19,CUST0003,3600.08,2512.97,3600.08,Books,North
3835,2024-11-19,CUST0066,4802.16,2354.37,4802.16,Sports,Central
3836,2024-11-19,CUST0066,4873.94,2382.51,4873.94,Food,South
3837,2024-11-19,CUST0046,1930.78,806.8,1930.78,Electronics,South
3838,2024-11-19,CUST0001,1493.79,870.75,1493.79,Electronics,Central
3839,2024-11-20,CUST0039,3970.5,3165.86,3970.5,Clothing,South
3840,2024-11-20,CUST0067,2877.72,1159.9,2877.72,Clothing,South
3841,2024-11-20,CUST0003,3528.36,2463.86,3528.36,Home,South
3842,2024-11-20,CUST0088,1090.42,813.63,1090.42,Books,West
3843,2024-11-20,CUST0100,3858.86,2813.02,3858.86,Clothing,South
3844,2024-11-20,CUST0093,1983.28,880.26,1983.28,Books,Central
3845,2024-11-20,CUST0083,1831.81,1201.18,1831.81,Food,East
3846,2024-11-20,CUST0014,2856.4,2015.97,2856.4,Clothing,North
3847,2024-11-20,CUST0065,3142.46,2209.18,3142.46,Electronics,East
3848,2024-11-20,CUST0091,165.45,77.73,165.45,Clothing,South
3849,2024-11-20,CUST0033,171.1,93.26,171.1,Clothing,South
3850,2024-11-20,CUST0057,1443.6,608.26,1443.6,Clothing,East
3851,2024-11-20,CUST0076,4677.43,2351.33,4677.43,Sports,East
3852,2024-11-21,CUST0048,1123.82,487.7,1123.82,Clothing,East
3853,2024-11-21,CUST0059,4385.87,2063.23,4385.87,Sports,North
3854,2024-11-21,CUST0009,3903.42,1670.38,3903.42,Books,South
3855,2024-11-21,CUST0069,762.9,577.01,762.9,Home,Central
3856,2024-11-21,CUST0053,2881.31,2156.39,2881.31,Clothing,West
3857,2024-11-21,CUST0056,1442.63,920.58,1442.63,Sports,East
3858,2024-11-21,CUST0057,1670.01,1136.77,1670.01,Home,East
3859,2024-11-21,CUST0016,1983.67,1167.94,1983.67,Books,Central
3860,2024-11-21,CUST0065,271.62,167.56,271.62,Home,Central
3861,2024-11-21,CUST0032,1675.15,986.33,1675.15,Clothing,East
3862,2024-11-21,CUST0055,3635.69,2473.34,3635.69,Food,West
3863,2024-11-21,CUST0084,3294.67,1933.21,3294.67,Home,West
3864,2024-11-21,CUST0025,4648.9,2323.43,4648.9,Books,North
3865,2024-11-21,CUST0052,3413.78,1688.01,3413.78,Books,West
3866,2024-11-21,CUST0090,2707.22,1860.32,2707.22,Clothing,South
3867,2024-11-21,CUST0013,3276.97,1691.67,3276.97,Home,South
3868,2024-11-22,CUST0031,602.41,406.22,602.41,Clothing,North
3869,2024-11-22,CUST0017,606.4,352.16,606.4,Home,East
3870,2024-11-22,CUST0038,4824.67,2853.7,4824.67,Clothing,North
3871,2024-11-22,CUST0034,831.81,510.9,831.81,Electronics,South
3872,2024-11-22,CUST0082,2811.38,1760.74,2811.38,Books,West
3873,2024-11-22,CUST0005,802.24,447.16,802.24,Sports,Central
3874,2024-11-22,CUST0068,1300.9,623.32,1300.9,Books,West
3875,2024-11-22,CUST0073,1971.5,1120.78,1971.5,Food,South
3876,2024-11-22,CUST0090,1185.14,672.42,1185.14,Home,Central
3877,2024-11-22,CUST0058,3284.03,2432.06,3284.03,Home,North
3878,2024-11-22,CUST0100,2930.21,2003.27,2930.21,Books,South
3879,2024-11-22,CUST0052,1284.94,606.96,1284.94,Clothing,West
3880,2024-11-22,CUST0052,3969.0,2990.66,3969.0,Home,Central
3881,2024-11-22,CUST0047,1595.55,1218.7,1595.55,Electronics,South
3882,2024-11-22,CUST0091,2819.04,1179.23,2819.04,Electronics,West
3883,2024-11-22,CUST0001,4509.23,3201.31,4509.23,Books,East
3884,2024-11-22,CUST0007,3177.09,2242.58,3177.09,Clothing,West
3885,2024-11-22,CUST0042,4976.15,2140.93,4976.15,Food,East
3886,2024-11-23,CUST0057,2025.94,1291.09,2025.94,Sports,East
3887,2024-11-23,CUST0063,2168.84,1150.37,2168.84,Books,West
3888,2024-11-23,CUST0005,2549.21,1990.19,2549.21,Home,North
3889,2024-11-23,CUST0086,1658.19,1006.22,1658.19,Home,North
3890,2024-11-23,CUST0026,4767.72,2369.21,4767.72,Books,East
3891,2024-11-23,CUST0071,4121.99,1899.35,4121.99,Books,North
3892,2024-11-23,CUST0073,1702.24,1243.76,1702.24,Books,West
3893,2024-11-23,CUST0026,588.6,454.9,588.6,Books,Central
3894,2024-11-24,CUST0097,2530.05,1623.65,2530.05,Home,Central
3895,2024-11-24,CUST0052,2735.72,1576.02,2735.72,Electronics,East
3896,2024-11-24,CUST0028,3468.01,1450.9,3468.01,Food,Central
3897,2024-11-24,CUST0017,529.62,261.82,529.62,Books,North
3898,2024-11-24,CUST0073,1657.0,874.26,1657.0,Food,East
3899,2024-11-24,CUST0031,2224.0,1589.54,2224.0,Electronics,South
3900,2024-11-24,CUST0053,3921.86,3068.17,3921.86,Food,Central
3901,2024-11-25,CUST0096,4135.31,2227.09,4135.31,Electronics,East
3902,2024-11-25,CUST0066,3163.49,2264.87,3163.49,Clothing,Central
3903,2024-11-25,CUST0094,2683.57,1262.95,2683.57,Books,East
3904,2024-11-25,CUST0002,4050.15,2371.42,4050.15,Home,North
3905,2024-11-25,CUST0075,4897.2,3516.83,4897.2,Electronics,South
3906,2024-11-25,CUST0060,1019.13,739.09,1019.13,Books,Central
3907,2024-11-25,CUST0033,4522.05,1984.78,4522.05,Food,East
3908,2024-11-25,CUST0094,3384.89,1778.18,3384.89,Clothing,Central
3909,2024-11-25,CUST0044,1959.98,1050.3,1959.98,Home,East
3910,2024-11-25,CUST0087,1152.34,512.98,1152.34,Clothing,Central
3911,2024-11-25,CUST0064,3993.13,2973.19,3993.13,Sports,East
3912,2024-11-25,CUST0085,1256.12,599.78,1256.12,Home,South
3913,2024-11-25,CUST0036,3658.74,1818.27,3658.74,Clothing,North
3914,2024-11-25,CUST0008,1000.45,515.26,1000.45,Clothing,Central
3915,2024-11-26,CUST0021,3929.43,2274.06,3929.43,Sports,North
3916,2024-11-26,CUST0001,975.33,638.62,975.33,Books,West
3917,2024-11-26,CUST0068,555.05,355.49,555.05,Clothing,Central
3918,2024-11-26,CUST0065,1880.03,877.67,1880.03,Books,South
3919,2024-11-26,CUST0052,2635.33,1433.59,2635.33,Books,Central
3920,2024-11-26,CUST0049,116.6,66.12,116.6,Sports,Central
3921,2024-11-26,CUST0094,4457.81,2556.96,4457.81,Books,West
3922,2024-11-26,CUST0071,2063.67,1048.05,2063.67,Books,North
3923,2024-11-26,CUST0082,214.82,116.75,214.82,Sports,East
3924,2024-11-26,CUST0098,1981.93,1311.66,1981.93,Sports,East
3925,2024-11-26,CUST0072,330.74,210.1,330.74,Food,South
3926,2024-11-27,CUST0030,2130.15,927.28,2130.15,Electronics,East
3927,2024-11-27,CUST0013,2434.35,1489.1,2434.35,Clothing,South
3928,2024-11-27,CUST0059,3019.35,1843.61,3019.35,Clothing,West
3929,2024-11-27,CUST0068,1067.42,444.37,1067.42,Food,North
3930,2024-11-27,CUST0042,3210.94,2041.84,3210.94,Sports,Central
3931,2024-11-28,CUST0054,904.3,511.13,904.3,Books,Central
3932,2024-11-28,CUST0064,4547.54,2565.88,4547.54,Sports,West
3933,2024-11-28,CUST0011,98.92,52.95,98.92,Food,Central
3934,2024-11-28,CUST0038,1036.25,620.19,1036.25,Electronics,Central
3935,2024-11-28,CUST0013,1503.38,966.92,1503.38,Electronics,South
3936,2024-11-28,CUST0027,2042.15,1606.78,2042.15,Books,North
3937,2024-11-28,CUST0089,3753.96,2927.63,3753.96,Electronics,West
3938,2024-11-28,CUST0073,3587.87,2183.43,3587.87,Sports,East
3939,2024-11-28,CUST0001,366.59,225.41,366.59,Books,North
3940,2024-11-28,CUST0009,1489.85,1022.31,1489.85,Home,West
3941,2024-11-29,CUST0042,1538.07,1021.99,1538.07,Sports,West
3942,2024-11-29,CUST0039,3429.36,1910.57,3429.36,Books,South
3943,2024-11-29,CUST0028,826.33,559.45,826.33,Home,West
3944,2024-11-29,CUST0019,2265.13,1054.66,2265.13,Food,North
3945,2024-11-29,CUST0100,832.4,340.17,832.4,Home,East
3946,2024-11-29,CUST0024,4943.2,3311.54,4943.2,Clothing,West
3947,2024-11-29,CUST0003,660.11,303.58,660.11,Home,West
3948,2024-11-29,CUST0011,3501.92,1715.21,3501.92,Home,West
3949,2024-11-29,CUST0046,2646.49,1922.89,2646.49,Books,South
3950,2024-11-29,CUST0068,1921.04,1395.15,1921.04,Food,North
3951,2024-11-29,CUST0006,1675.37,954.54,1675.37,Clothing,West
3952,2024-11-29,CUST0093,3960.06,1646.31,3960.06,Books,South
3953,2024-11-29,CUST0014,1929.74,1341.37,1929.74,Books,East
3954,2024-11-29,CUST0085,4935.04,2570.66,4935.04,Clothing,North
3955,2024-11-29,CUST0042,1587.99,1004.02,1587.99,Home,West
3956,2024-11-29,CUST0014,1723.67,774.01,1723.67,Clothing,South
3957,2024-11-29,CUST0046,2381.24,1715.28,2381.24,Home,Central
3958,2024-11-30,CUST0065,1876.62,1195.11,1876.62,Books,South
3959,2024-11-30,CUST0100,626.49,471.06,626.49,Clothing,East
3960,2024-11-30,CUST0070,3133.24,1578.67,3133.24,Sports,North
3961,2024-11-30,CUST0085,602.17,283.67,602.17,Home,East
3962,2024-11-30,CUST0059,1409.13,793.02,1409.13,Home,West
3963,2024-11-30,CUST0058,2788.22,2165.45,2788.22,Books,Central
3964,2024-11-30,CUST0010,3189.77,2306.97,3189.77,Electronics,East
3965,2024-11-30,CUST0071,3324.8,2172.71,3324.8,Clothing,East
3966,2024-12-01,CUST0039,4078.05,1674.1,4078.05,Clothing,North
3967,2024-12-01,CUST0020,1670.3,1326.46,1670.3,Sports,Central
3968,2024-12-01,CUST0050,4249.06,2596.05,4249.06,Electronics,North
3969,2024-12-01,CUST0007,693.53,469.97,693.53,Home,East
3970,2024-12-01,CUST0011,419.34,235.31,419.34,Sports,West
3971,2024-12-01,CUST0011,3155.86,1262.66,3155.86,Books,South
3972,2024-12-01,CUST0046,2573.13,1958.58,2573.13,Clothing,East
3973,2024-12-01,CUST0002,3059.54,2443.38,3059.54,Home,North
3974,2024-12-01,CUST0025,4484.54,3129.29,4484.54,Clothing,East
3975,2024-12-01,CUST0057,3668.26,2715.28,3668.26,Sports,East
3976,2024-12-01,CUST0039,1382.59,1011.61,1382.59,Clothing,Central
3977,2024-12-01,CUST0059,4098.48,2253.08,4098.48,Sports,West
3978,2024-12-01,CUST0095,2209.23,1637.06,2209.23,Electronics,Central
3979,2024-12-01,CUST0085,1930.55,1394.07,1930.55,Food,North
3980,2024-12-01,CUST0056,2633.91,1694.04,2633.91,Food,Central
3981,2024-12-01,CUST0033,3153.39,2070.35,3153.39,Sports,East
3982,2024-12-01,CUST0025,2104.48,1022.65,2104.48,Electronics,Central
3983,2024-12-01,CUST0024,979.99,576.72,979.99,Sports,North
3984,2024-12-01,CUST0099,2098.55,1324.69,2098.55,Sports,South
3985,2024-12-02,CUST0096,1108.48,696.93,1108.48,Clothing,East
3986,2024-12-02,CUST0045,4754.69,3007.15,4754.69,Food,East
3987,2024-12-02,CUST0054,4521.41,2682.67,4521.41,Electronics,North
3988,2024-12-02,CUST0036,3258.03,2427.97,3258.03,Food,West
3989,2024-12-02,CUST0010,770.42,494.96,770.42,Food,Central
3990,2024-12-02,CUST0097,2008.31,1216.85,2008.31,Electronics,South
3991,2024-12-02,CUST0091,4071.16,3029.18,4071.16,Electronics,West
3992,2024-12-02,CUST0081,4234.41,2529.29,4234.41,Food,North
3993,2024-12-02,CUST0016,4312.15,2096.9,4312.15,Home,Central
3994,2024-12-02,CUST0095,1662.05,685.09,1662.05,Home,East
3995,2024-12-02,CUST0071,3046.66,1969.74,3046.66,Clothing,North
3996,2024-12-02,CUST0099,79.37,38.59,79.37,Food,East
3997,2024-12-02,CUST0056,770.95,576.37,770.95,Food,South
3998,2024-12-02,CUST0023,3156.74,2400.18,3156.74,Sports,West
3999,2024-12-02,CUST0014,2957.55,1550.66,2957.55,Electronics,West
4000,2024-12-02,CUST0034,3091.19,1759.83,3091.19,Clothing,South
4001,2024-12-03,CUST0043,2005.69,1548.78,2005.69,Books,South
4002,2024-12-03,CUST0061,467.73,260.99,467.73,Food,East
4003,2024-12-03,CUST0064,2907.15,1796.26,2907.15,Electronics,South
4004,2024-12-03,CUST0028,2905.71,1308.79,2905.71,Food,East
4005,2024-12-03,CUST0066,3335.86,2245.98,3335.86,Sports,North
4006,2024-12-03,CUST0100,1487.09,717.51,1487.09,Electronics,East
4007,2024-12-03,CUST0097,2905.11,2021.27,2905.11,Clothing,West
4008,2024-12-03,CUST0046,2947.99,1771.51,2947.99,Home,East
4009,2024-12-03,CUST0099,2491.66,1909.76,2491.66,Electronics,South
4010,2024-12-03,CUST0033,2304.02,1166.65,2304.02,Food,West
4011,2024-12-03,CUST0060,1902.35,1233.21,1902.35,Home,Central
4012,2024-12-03,CUST0098,4024.95,2377.31,4024.95,Books,North
4013,2024-12-04,CUST0027,3498.87,2660.02,3498.87,Sports,North
4014,2024-12-04,CUST0013,4589.07,2754.21,4589.07,Clothing,South
4015,2024-12-04,CUST0013,2174.62,1735.39,2174.62,Food,West
4016,2024-12-04,CUST0075,4549.91,2217.17,4549.91,Clothing,South
4017,2024-12-04,CUST0045,600.18,430.85,600.18,Sports,East
4018,2024-12-04,CUST0023,1895.13,1322.74,1895.13,Home,Central
4019,2024-12-04,CUST0051,4864.32,2239.56,4864.32,Electronics,Central
4020,2024-12-04,CUST0048,2665.31,1922.82,2665.31,Clothing,West
4021,2024-12-04,CUST0050,3949.47,2653.8,3949.47,Food,South
4022,2024-12-04,CUST0041,1065.15,728.74,1065.15,Clothing,West
4023,2024-12-04,CUST0083,2768.64,1533.19,2768.64,Clothing,West
4024,2024-12-04,CUST0003,4820.23,2699.93,4820.23,Electronics,South
4025,2024-12-04,CUST0046,2517.29,1504.65,2517.29,Sports,Central
4026,2024-12-04,CUST0060,3084.88,2317.63,3084.88,Books,West
4027,2024-12-04,CUST0074,260.83,205.45,260.83,Clothing,Central
4028,2024-12-04,CUST0055,1441.22,742.09,1441.22,Books,South
4029,2024-12-05,CUST0065,2558.05,1621.46,2558.05,Electronics,West
4030,2024-12-05,CUST0045,3968.13,2988.17,3968.13,Books,West
4031,2024-12-05,CUST0008,1744.02,819.03,1744.02,Clothing,East
4032,2024-12-05,CUST0093,2613.45,1915.05,2613.45,Home,West
4033,2024-12-05,CUST0017,2945.31,1192.48,2945.31,Sports,West
4034,2024-12-05,CUST0054,2633.27,1914.33,2633.27,Home,West
4035,2024-12-05,CUST0008,1059.84,475.1,1059.84,Books,Central
4036,2024-12-05,CUST0010,437.12,196.11,437.12,Books,West
4037,2024-12-05,CUST0096,4543.74,2329.39,4543.74,Sports,East
4038,2024-12-05,CUST0073,4200.59,2893.9,4200.59,Food,West
4039,2024-12-05,CUST0002,3377.65,1401.36,3377.65,Food,South
4040,2024-12-05,CUST0074,172.34,131.19,172.34,Books,Central
4041,2024-12-05,CUST0081,4041.66,2687.7,4041.66,Sports,North
4042,2024-12-06,CUST0048,1487.29,865.19,1487.29,Electronics,North
4043,2024-12-06,CUST0097,3545.83,2828.03,3545.83,Electronics,East
4044,2024-12-06,CUST0089,1773.58,781.32,1773.58,Sports,Central
4045,2024-12-06,CUST0088,1379.34,789.76,1379.34,Electronics,East
4046,2024-12-06,CUST0085,3599.22,1505.01,3599.22,Food,West
4047,2024-12-06,CUST0099,128.93,95.57,128.93,Food,West
4048,2024-12-06,CUST0015,4061.15,1878.26,4061.15,Electronics,West
4049,2024-12-07,CUST0049,4071.66,2840.03,4071.66,Food,Central
4050,2024-12-07,CUST0090,1453.83,962.06,1453.83,Clothing,West
4051,2024-12-07,CUST0096,1739.61,1250.12,1739.61,Clothing,North
4052,2024-12-07,CUST0098,3535.41,2350.1,3535.41,Electronics,Central
4053,2024-12-07,CUST0072,4319.82,2221.32,4319.82,Food,Central
4054,2024-12-07,CUST0022,1811.36,1218.85,1811.36,Home,Central
4055,2024-12-07,CUST0071,4392.96,1897.87,4392.96,Home,West
4056,2024-12-07,CUST0096,207.42,157.88,207.42,Food,South
4057,2024-12-07,CUST0005,2466.64,1431.27,2466.64,Food,East
4058,2024-12-07,CUST0098,3324.83,1546.52,3324.83,Electronics,South
4059,2024-12-07,CUST0026,2563.86,1731.35,2563.86,Food,East
4060,2024-12-08,CUST0099,884.18,474.63,884.18,Electronics,North
4061,2024-12-08,CUST0098,860.88,358.18,860.88,Books,North
4062,2024-12-08,CUST0085,1273.53,641.34,1273.53,Clothing,East
4063,2024-12-08,CUST0014,738.82,583.02,738.82,Clothing,West
4064,2024-12-08,CUST0079,716.56,506.53,716.56,Sports,North
4065,2024-12-08,CUST0071,4816.04,3134.15,4816.04,Books,Central
4066,2024-12-08,CUST0015,3587.19,2187.09,3587.19,Electronics,South
4067,2024-12-08,CUST0078,855.61,411.41,855.61,Food,Central
4068,2024-12-09,CUST0035,3505.88,2221.43,3505.88,Home,South
4069,2024-12-09,CUST0024,4145.02,2794.42,4145.02,Books,West
4070,2024-12-09,CUST0085,3732.25,2199.69,3732.25,Food,South
4071,2024-12-09,CUST0091,4689.83,2186.29,4689.83,Electronics,Central
4072,2024-12-09,CUST0011,2498.88,1346.04,2498.88,Sports,South
4073,2024-12-09,CUST0034,1023.83,475.23,1023.83,Electronics,Central
4074,2024-12-09,CUST0007,87.33,45.29,87.33,Home,South
4075,2024-12-09,CUST0097,3114.96,1552.54,3114.96,Food,West
4076,2024-12-09,CUST0028,2764.24,1208.43,2764.24,Books,South
4077,2024-12-09,CUST0015,3322.89,2264.2,3322.89,Food,South
4078,2024-12-09,CUST0055,2975.57,1603.87,2975.57,Books,West
4079,2024-12-09,CUST0034,3335.94,2032.6,3335.94,Electronics,South
4080,2024-12-09,CUST0003,3590.07,2769.01,3590.07,Electronics,North
4081,2024-12-09,CUST0074,4890.66,2957.75,4890.66,Sports,West
4082,2024-12-09,CUST0027,3750.27,2805.6,3750.27,Sports,North
4083,2024-12-09,CUST0070,3797.76,1807.93,3797.76,Sports,North
4084,2024-12-09,CUST0100,1619.59,1200.93,1619.59,Home,Central
4085,2024-12-09,CUST0007,939.93,581.39,939.93,Books,North
4086,2024-12-10,CUST0086,4248.27,2520.94,4248.27,Sports,South
4087,2024-12-10,CUST0093,2737.56,1880.84,2737.56,Clothing,North
4088,2024-12-10,CUST0059,2573.36,1567.85,2573.36,Home,West
4089,2024-12-10,CUST0001,3492.38,1650.1,3492.38,Sports,North
4090,2024-12-10,CUST0008,1460.4,962.24,1460.4,Sports,West
4091,2024-12-10,CUST0098,203.99,123.48,203.99,Home,North
4092,2024-12-10,CUST0061,161.11,128.25,161.11,Books,North
4093,2024-12-10,CUST0074,2213.54,906.7,2213.54,Food,North
4094,2024-12-10,CUST0061,2830.98,1750.78,2830.98,Sports,West
4095,2024-12-10,CUST0007,52.09,22.22,52.09,Electronics,North
4096,2024-12-10,CUST0076,4191.85,2895.23,4191.85,Home,West
4097,2024-12-10,CUST0060,1901.15,1322.66,1901.15,Electronics,North
4098,2024-12-10,CUST0048,4727.3,3061.62,4727.3,Sports,West
4099,2024-12-10,CUST0046,3912.67,2808.43,3912.67,Electronics,West
4100,2024-12-10,CUST0037,4117.47,1720.31,4117.47,Food,West
4101,2024-12-10,CUST0087,1484.98,909.89,1484.98,Clothing,North
4102,2024-12-11,CUST0017,2524.58,1647.31,2524.58,Electronics,Central
4103,2024-12-11,CUST0052,3181.92,1721.45,3181.92,Books,East
4104,2024-12-11,CUST0098,242.12,100.22,242.12,Sports,South
4105,2024-12-11,CUST0082,3742.48,2441.12,3742.48,Food,North
4106,2024-12-11,CUST0094,3618.08,1810.45,3618.08,Clothing,East
4107,2024-12-11,CUST0029,644.06,451.06,644.06,Sports,West
4108,2024-12-11,CUST0034,4012.03,2382.13,4012.03,Food,West
4109,2024-12-11,CUST0020,1644.55,875.39,1644.55,Home,North
4110,2024-12-11,CUST0084,1076.2,834.79,1076.2,Sports,North
4111,2024-12-11,CUST0027,1500.29,630.25,1500.29,Sports,East
4112,2024-12-11,CUST0032,605.78,349.0,605.78,Books,East
4113,2024-12-11,CUST0030,3678.02,1815.72,3678.02,Sports,East
4114,2024-12-11,CUST0002,2305.85,1842.06,2305.85,Food,Central
4115,2024-12-11,CUST0078,4166.15,2691.47,4166.15,Electronics,South
4116,2024-12-11,CUST0082,2163.42,899.61,2163.42,Sports,North
4117,2024-12-11,CUST0096,805.85,377.93,805.85,Food,East
4118,2024-12-11,CUST0010,3882.62,2400.71,3882.62,Electronics,East
4119,2024-12-12,CUST0048,1984.11,1111.59,1984.11,Home,South
4120,2024-12-12,CUST0002,2156.39,1132.17,2156.39,Food,South
4121,2024-12-12,CUST0015,3417.22,1669.59,3417.22,Sports,West
4122,2024-12-12,CUST0050,1103.98,622.29,1103.98,Electronics,East
4123,2024-12-12,CUST0021,1026.17,487.8,1026.17,Electronics,East
4124,2024-12-12,CUST0063,1499.91,777.41,1499.91,Home,South
4125,2024-12-12,CUST0077,178.97,135.0,178.97,Books,South
4126,2024-12-12,CUST0035,2121.66,1172.42,2121.66,Sports,North
4127,2024-12-12,CUST0004,2596.79,1524.94,2596.79,Clothing,North
4128,2024-12-12,CUST0076,3766.41,1723.31,3766.41,Food,East
4129,2024-12-12,CUST0062,59.93,44.89,59.93,Clothing,East
4130,2024-12-13,CUST0038,1350.81,670.29,1350.81,Sports,South
4131,2024-12-13,CUST0062,893.14,557.98,893.14,Food,South
4132,2024-12-13,CUST0013,500.78,317.07,500.78,Food,North
4133,2024-12-13,CUST0013,3818.0,2704.32,3818.0,Sports,West
4134,2024-12-13,CUST0081,3891.84,3040.97,3891.84,Sports,Central
4135,2024-12-13,CUST0071,815.31,393.48,815.31,Clothing,East
4136,2024-12-13,CUST0037,3050.14,1231.98,3050.14,Books,East
4137,2024-12-13,CUST0086,4432.93,2186.17,4432.93,Sports,South
4138,2024-12-13,CUST0041,3677.06,1762.16,3677.06,Clothing,East
4139,2024-12-13,CUST0004,3768.21,2653.4,3768.21,Books,West
4140,2024-12-13,CUST0061,3279.87,2173.6,3279.87,Food,North
4141,2024-12-13,CUST0016,1743.76,1387.55,1743.76,Food,West
4142,2024-12-13,CUST0039,2639.8,1438.65,2639.8,Sports,East
4143,2024-12-13,CUST0057,951.23,746.1,951.23,Clothing,North
4144,2024-12-13,CUST0076,1929.29,1049.84,1929.29,Sports,West
4145,2024-12-13,CUST0027,1654.56,993.99,1654.56,Books,East
4146,2024-12-14,CUST0002,3607.54,2232.51,3607.54,Sports,South
4147,2024-12-14,CUST0052,1235.56,724.83,1235.56,Home,West
4148,2024-12-14,CUST0096,3065.42,2299.13,3065.42,Clothing,North
4149,2024-12-14,CUST0077,684.86,374.77,684.86,Electronics,West
4150,2024-12-14,CUST0042,357.25,155.74,357.25,Home,East
4151,2024-12-14,CUST0075,888.53,638.26,888.53,Sports,North
4152,2024-12-14,CUST0044,2005.53,1377.93,2005.53,Books,South
4153,2024-12-14,CUST0089,2571.54,1774.68,2571.54,Clothing,West
4154,2024-12-14,CUST0093,776.76,527.73,776.76,Clothing,Central
4155,2024-12-14,CUST0063,67.57,43.61,67.57,Clothing,North
4156,2024-12-14,CUST0088,1384.7,989.32,1384.7,Clothing,West
4157,2024-12-15,CUST0056,1774.69,1219.52,1774.69,Books,Central
4158,2024-12-15,CUST0046,1354.24,649.96,1354.24,Electronics,Central
4159,2024-12-15,CUST0050,3482.46,2496.71,3482.46,Books,Central
4160,2024-12-15,CUST0009,3312.61,1907.76,3312.61,Food,North
4161,2024-12-15,CUST0100,2491.8,1636.44,2491.8,Clothing,Central
4162,2024-12-15,CUST0013,2278.88,1331.8,2278.88,Sports,South
4163,2024-12-15,CUST0011,4102.21,2673.93,4102.21,Electronics,Central
4164,2024-12-15,CUST0094,2849.09,1397.14,2849.09,Home,South
4165,2024-12-16,CUST0066,3985.01,3134.88,3985.01,Home,North
4166,2024-12-16,CUST0065,199.21,138.07,199.21,Books,South
4167,2024-12-16,CUST0014,1656.59,667.36,1656.59,Sports,South
4168,2024-12-16,CUST0080,4085.16,2220.97,4085.16,Home,South
4169,2024-12-16,CUST0086,1248.75,859.77,1248.75,Sports,North
4170,2024-12-17,CUST0035,769.12,540.45,769.12,Books,West
4171,2024-12-17,CUST0083,2406.12,1712.54,2406.12,Books,North
4172,2024-12-17,CUST0068,2936.44,1219.99,2936.44,Books,East
4173,2024-12-17,CUST0002,2069.67,1640.68,2069.67,Electronics,East
4174,2024-12-17,CUST0076,597.57,291.6,597.57,Electronics,South
4175,2024-12-17,CUST0088,375.59,264.93,375.59,Clothing,North
4176,2024-12-17,CUST0092,1494.95,890.81,1494.95,Books,South
4177,2024-12-17,CUST0011,3090.95,1889.47,3090.95,Clothing,East
4178,2024-12-17,CUST0019,1188.77,511.92,1188.77,Home,Central
4179,2024-12-17,CUST0018,1789.7,1177.32,1789.7,Clothing,South
4180,2024-12-17,CUST0046,4364.13,3021.26,4364.13,Sports,South
4181,2024-12-17,CUST0098,180.38,143.57,180.38,Food,South
4182,2024-12-17,CUST0091,1430.31,1065.62,1430.31,Food,West
4183,2024-12-17,CUST0019,2433.87,1368.97,2433.87,Sports,East
4184,2024-12-18,CUST0018,2458.75,1646.55,2458.75,Books,North
4185,2024-12-18,CUST0064,2433.08,1283.36,2433.08,Books,North
4186,2024-12-18,CUST0084,409.32,164.79,409.32,Electronics,South
4187,2024-12-18,CUST0085,1626.56,993.84,1626.56,Electronics,Central
4188,2024-12-18,CUST0060,371.29,206.16,371.29,Food,North
4189,2024-12-18,CUST0048,1829.9,833.93,1829.9,Books,East
4190,2024-12-18,CUST0019,3066.83,1744.24,3066.83,Sports,Central
4191,2024-12-18,CUST0080,558.93,293.45,558.93,Home,East
4192,2024-12-18,CUST0003,1745.57,713.48,1745.57,Clothing,Central
4193,2024-12-18,CUST0054,2971.33,1583.57,2971.33,Food,North
4194,2024-12-18,CUST0050,4375.43,2626.94,4375.43,Electronics,North
4195,2024-12-18,CUST0054,1542.64,897.25,1542.64,Electronics,North
4196,2024-12-19,CUST0016,4661.46,3598.0,4661.46,Books,West
4197,2024-12-19,CUST0097,1365.58,827.53,1365.58,Clothing,East
4198,2024-12-19,CUST0017,2620.28,1907.35,2620.28,Clothing,South
4199,2024-12-19,CUST0007,4607.65,1984.5,4607.65,Sports,South
4200,2024-12-19,CUST0008,2552.43,1729.76,2552.43,Electronics,South
4201,2024-12-19,CUST0016,743.13,416.39,743.13,Home,Central
4202,2024-12-19,CUST0005,1432.54,922.67,1432.54,Food,Central
4203,2024-12-19,CUST0014,350.22,159.52,350.22,Books,South
4204,2024-12-19,CUST0071,287.73,153.59,287.73,Books,South
4205,2024-12-19,CUST0091,991.59,686.77,991.59,Home,South
4206,2024-12-19,CUST0060,3957.41,2710.55,3957.41,Electronics,North
4207,2024-12-19,CUST0025,4536.02,3503.08,4536.02,Electronics,East
4208,2024-12-19,CUST0080,4744.4,2583.33,4744.4,Books,Central
4209,2024-12-20,CUST0026,4967.74,2892.64,4967.74,Books,North
4210,2024-12-20,CUST0091,397.04,191.68,397.04,Home,Central
4211,2024-12-20,CUST0006,2087.67,925.11,2087.67,Clothing,Central
4212,2024-12-20,CUST0026,4610.37,2308.28,4610.37,Home,South
4213,2024-12-20,CUST0020,4155.12,2561.21,4155.12,Electronics,North
4214,2024-12-20,CUST0068,4304.82,3345.1,4304.82,Books,West
4215,2024-12-20,CUST0082,4499.11,3210.5,4499.11,Books,East
4216,2024-12-20,CUST0001,4492.44,1892.49,4492.44,Books,East
4217,2024-12-20,CUST0078,2322.69,1660.82,2322.69,Clothing,South
4218,2024-12-20,CUST0079,3653.12,2877.11,3653.12,Clothing,East
4219,2024-12-21,CUST0062,572.8,396.89,572.8,Home,Central
4220,2024-12-21,CUST0007,4345.57,2022.07,4345.57,Food,North
4221,2024-12-21,CUST0044,3225.36,1640.06,3225.36,Home,South
4222,2024-12-21,CUST0004,836.25,596.22,836.25,Books,South
4223,2024-12-21,CUST0036,1846.57,1341.12,1846.57,Sports,South
4224,2024-12-21,CUST0081,1669.92,1107.63,1669.92,Home,South
4225,2024-12-22,CUST0057,142.71,79.44,142.71,Electronics,West
4226,2024-12-22,CUST0089,2920.47,1907.16,2920.47,Food,North
4227,2024-12-22,CUST0067,2499.68,1017.94,2499.68,Home,East
4228,2024-12-22,CUST0077,4755.88,2109.44,4755.88,Clothing,South
4229,2024-12-22,CUST0011,4640.57,2228.47,4640.57,Electronics,West
4230,2024-12-22,CUST0058,4761.08,3256.35,4761.08,Home,Central
4231,2024-12-23,CUST0053,3053.5,1625.62,3053.5,Clothing,East
4232,2024-12-23,CUST0076,130.71,61.39,130.71,Sports,South
4233,2024-12-23,CUST0078,1065.15,671.11,1065.15,Home,Central
4234,2024-12-23,CUST0083,4793.58,3556.21,4793.58,Books,West
4235,2024-12-23,CUST0027,108.57,46.09,108.57,Home,North
4236,2024-12-23,CUST0033,2861.06,2100.16,2861.06,Clothing,North
4237,2024-12-23,CUST0062,353.96,271.69,353.96,Clothing,South
4238,2024-12-23,CUST0023,2479.5,1436.21,2479.5,Electronics,North
4239,2024-12-23,CUST0053,930.13,692.68,930.13,Books,North
4240,2024-12-23,CUST0020,2669.36,1617.04,2669.36,Electronics,South
4241,2024-12-24,CUST0052,4062.41,2678.39,4062.41,Books,Central
4242,2024-12-24,CUST0070,3428.13,1488.35,3428.13,Food,Central
4243,2024-12-24,CUST0045,4805.67,2832.66,4805.67,Home,South
4244,2024-12-24,CUST0084,638.57,406.43,638.57,Books,West
4245,2024-12-24,CUST0092,4271.89,2909.24,4271.89,Home,South
4246,2024-12-24,CUST0063,345.84,140.79,345.84,Sports,West
4247,2024-12-24,CUST0059,2860.72,2287.11,2860.72,Electronics,Central
4248,2024-12-24,CUST0058,2349.64,1082.88,2349.64,Electronics,West
4249,2024-12-24,CUST0031,1936.3,1374.43,1936.3,Food,East
4250,2024-12-24,CUST0001,3691.92,1499.66,3691.92,Home,South
4251,2024-12-24,CUST0089,745.59,517.29,745.59,Food,South
4252,2024-12-24,CUST0067,1480.8,800.41,1480.8,Home,North
4253,2024-12-24,CUST0066,4409.27,2224.26,4409.27,Books,North
4254,2024-12-24,CUST0037,3974.38,2282.61,3974.38,Home,Central
4255,2024-12-24,CUST0075,869.32,397.89,869.32,Home,West
4256,2024-12-24,CUST0067,2426.86,1552.19,2426.86,Clothing,North
4257,2024-12-24,CUST0054,3307.56,1895.5,3307.56,Sports,West
4258,2024-12-25,CUST0028,1552.84,876.36,1552.84,Clothing,East
4259,2024-12-25,CUST0071,1805.4,755.41,1805.4,Sports,West
4260,2024-12-25,CUST0044,3634.82,1846.7,3634.82,Books,West
4261,2024-12-25,CUST0070,1504.89,947.9,1504.89,Home,North
4262,2024-12-25,CUST0045,2052.76,1125.86,2052.76,Electronics,East
4263,2024-12-25,CUST0013,858.45,563.39,858.45,Food,West
4264,2024-12-25,CUST0019,4215.18,2641.06,4215.18,Sports,West
4265,2024-12-25,CUST0027,3852.97,2159.22,3852.97,Home,Central
4266,2024-12-26,CUST0047,4152.28,2135.37,4152.28,Books,Central
4267,2024-12-26,CUST0006,2801.19,2025.7,2801.19,Electronics,East
4268,2024-12-26,CUST0096,1804.59,1258.02,1804.59,Food,North
4269,2024-12-26,CUST0083,1784.59,1423.74,1784.59,Home,West
4270,2024-12-26,CUST0047,1459.72,649.2,1459.72,Food,West
4271,2024-12-26,CUST0078,1151.64,685.19,1151.64,Sports,Central
4272,2024-12-26,CUST0019,4856.78,2190.6,4856.78,Electronics,East
4273,2024-12-26,CUST0098,2268.78,1461.8,2268.78,Food,South
4274,2024-12-26,CUST0006,4858.81,3777.1,4858.81,Sports,South
4275,2024-12-27,CUST0078,3293.15,2080.12,3293.15,Clothing,Central
4276,2024-12-27,CUST0012,1457.88,739.0,1457.88,Sports,North
4277,2024-12-27,CUST0069,368.75,187.2,368.75,Home,North
4278,2024-12-27,CUST0094,2276.98,1504.06,2276.98,Electronics,North
4279,2024-12-27,CUST0100,2592.28,1723.36,2592.28,Clothing,East
4280,2024-12-27,CUST0036,3991.6,1873.43,3991.6,Electronics,South
4281,2024-12-27,CUST0091,1859.59,1023.65,1859.59,Books,Central
4282,2024-12-27,CUST0038,2384.63,1362.72,2384.63,Electronics,North
4283,2024-12-27,CUST0082,3951.62,2711.25,3951.62,Home,South
4284,2024-12-27,CUST0003,2886.32,2305.39,2886.32,Home,East
4285,2024-12-27,CUST0088,2384.11,1291.16,2384.11,Electronics,North
4286,2024-12-27,CUST0071,1177.19,691.49,1177.19,Clothing,Central
4287,2024-12-27,CUST0078,495.87,396.01,495.87,Sports,North
4288,2024-12-27,CUST0047,2063.37,1277.41,2063.37,Clothing,East
4289,2024-12-28,CUST0052,802.7,575.44,802.7,Clothing,Central
4290,2024-12-28,CUST0005,1527.55,925.2,1527.55,Books,Central
4291,2024-12-28,CUST0010,2008.11,1186.09,2008.11,Sports,West
4292,2024-12-28,CUST0074,3671.05,2318.01,3671.05,Home,North
4293,2024-12-28,CUST0072,153.92,71.17,153.92,Sports,North
4294,2024-12-28,CUST0028,639.4,297.49,639.4,Sports,West
4295,2024-12-28,CUST0009,3888.61,2059.6,3888.61,Books,East
4296,2024-12-28,CUST0033,1321.25,809.22,1321.25,Clothing,Central
4297,2024-12-28,CUST0074,4366.95,2649.27,4366.95,Food,West
4298,2024-12-28,CUST0075,1934.88,1472.99,1934.88,Sports,South
4299,2024-12-28,CUST0025,1717.45,960.18,1717.45,Sports,South
4300,2024-12-28,CUST0086,2913.87,1705.13,2913.87,Home,Central
4301,2024-12-28,CUST0020,1246.98,516.56,1246.98,Books,North
4302,2024-12-28,CUST0096,2158.88,1309.9,2158.88,Food,North
4303,2024-12-28,CUST0099,4267.06,3029.36,4267.06,Food,North
4304,2024-12-29,CUST0063,1585.88,1045.29,1585.88,Electronics,Central
4305,2024-12-29,CUST0026,712.67,518.75,712.67,Clothing,East
4306,2024-12-29,CUST0048,195.12,82.6,195.12,Electronics,West
4307,2024-12-29,CUST0032,4824.07,3625.84,4824.07,Electronics,Central
4308,2024-12-29,CUST0068,949.65,417.09,949.65,Food,North
4309,2024-12-29,CUST0001,4037.59,3215.68,4037.59,Clothing,South
4310,2024-12-29,CUST0066,3816.77,2338.1,3816.77,Books,West
4311,2024-12-29,CUST0023,4430.32,3110.5,4430.32,Books,West
4312,2024-12-29,CUST0026,620.7,327.24,620.7,Home,West
4313,2024-12-29,CUST0036,2197.35,1194.45,2197.35,Books,North
4314,2024-12-29,CUST0092,1346.16,1051.79,1346.16,Home,South
4315,2024-12-29,CUST0081,285.36,187.34,285.36,Food,Central
4316,2024-12-29,CUST0009,2287.78,1058.76,2287.78,Electronics,East
4317,2024-12-29,CUST0088,2221.75,1599.27,2221.75,Clothing,East
4318,2024-12-29,CUST0095,3632.95,1724.59,3632.95,Food,North
4319,2024-12-29,CUST0033,2296.02,1700.37,2296.02,Food,East
4320,2024-12-29,CUST0011,1516.06,1134.57,1516.06,Food,South
4321,2024-12-29,CUST0055,3720.19,2524.68,3720.19,Electronics,Central
4322,2024-12-29,CUST0034,3642.17,2465.07,3642.17,Books,Central
4323,2024-12-30,CUST0023,2385.95,1638.41,2385.95,Electronics,South
4324,2024-12-30,CUST0074,1743.28,1346.33,1743.28,Sports,East
4325,2024-12-30,CUST0053,4954.27,3613.55,4954.27,Books,North
4326,2024-12-30,CUST0084,1587.95,1262.16,1587.95,Sports,East
4327,2024-12-30,CUST0066,357.15,210.86,357.15,Food,East
4328,2024-12-30,CUST0055,1400.5,1108.22,1400.5,Food,West
4329,2024-12-30,CUST0070,2292.47,1624.57,2292.47,Food,East
4330,2024-12-30,CUST0041,3142.94,2094.79,3142.94,Clothing,North
4331,2024-12-30,CUST0004,2983.45,1236.26,2983.45,Home,South
4332,2024-12-30,CUST0030,1049.43,753.22,1049.43,Books,East
4333,2024-12-30,CUST0068,352.46,260.05,352.46,Books,West
4334,2024-12-30,CUST0021,4032.44,3082.69,4032.44,Clothing,West
4335,2024-12-30,CUST0093,3353.62,2534.11,3353.62,Home,South
4336,2024-12-30,CUST0058,731.47,364.22,731.47,Food,South
4337,2024-12-30,CUST0085,4989.65,3163.8,4989.65,Sports,Central
4338,2024-12-30,CUST0001,3354.27,2213.46,3354.27,Electronics,Central
4339,2024-12-30,CUST0067,3507.05,1987.45,3507.05,Sports,North
4340,2024-12-30,CUST0033,365.43,269.83,365.43,Food,Central
4341,2024-12-30,CUST0050,4733.85,2810.28,4733.85,Home,West
